filename,total_lines,header_row,data_start_row,blank_after_header,n_columns,column_names,row_after_header,first_data_row,last_data_row
nifty50_apr08.csv,82,5,6,False,11,Sr. No | Security Symbol | Industry | Equity | Market Capitalisation as on 30-04-2008 | Weightage | Beta | R2 | Volatility | Monthly Return | Avg. Impact Cost Apr 08, |  |  |  | (Rs. Crores) | % |  |  | % |  | %, |  |  |  | (Rs. Crores) | % |  |  | % |  | %,* Impact Cost for S&P CNX Nifty is the weightage average impact cost |  |  |  |  |  |  | 
nifty50_apr09.csv,79,2,3,False,12,Sr. No | Security Symbol | Security Name | Industry | Equity | Market Capitalisation for April 2009 | Weightage | Beta | R2 | Volatility | Monthly Return | Avg. Impact Cost April 2009, |  |  |  |  | (Rs. Crores) | % |  |  | % |  | %, |  |  |  |  | (Rs. Crores) | % |  |  | % |  | %,* Impact Cost for S&P CNX Nifty is the weightage average impact cost |  |  |  |  |  |  |  | 
nifty50_apr10.csv,71,2,3,False,12,Sr. No | Security Symbol | Security Name | Industry | Equity Capital | Free Float Market Capitalisation for April 2010 | Weightage | Beta | R2 | Volatility | Monthly Return | Avg. Impact Cost April 2010, |  |  |  | (In Rs.) | (Rs. Crores) | % |  |  | % |  | %, |  |  |  | (In Rs.) | (Rs. Crores) | % |  |  | % |  | %,* Impact Cost for S&P CNX Nifty is the weightage average impact cost |  |  | 
nifty50_apr11.csv,71,2,3,False,12,Sr. No | Security Symbol | Security Name | Industry | Equity Capital | Free Float Market Capitalisation for April. 2011 | Weightage | Beta | R2 | Volatility | Monthly Return | Avg. Impact Cost April 2011, |  |  |  | (In Rs.) | (Rs. Crores) | % |  |  | % |  | %, |  |  |  | (In Rs.) | (Rs. Crores) | % |  |  | % |  | %,* Impact Cost for S&P CNX Nifty is the weightage average impact cost |  |  |  |  |  |  |  |  |  |  | 
nifty50_apr12.csv,71,2,3,False,12,Sr. No | Security Symbol | Security Name | Industry | Equity Capital | Free Float Market Capitalisation for April 2012 | Weightage | Beta | R2 | Volatility | Monthly Return | Avg. Impact Cost April 2012, |  |  |  | (In Rs.) | (Rs. Crores) | % |  |  | % |  | %, |  |  |  | (In Rs.) | (Rs. Crores) | % |  |  | % |  | %,* Impact Cost for S&P CNX Nifty is the weightage average impact cost |  |  |  |  |  |  |  |  |  |  | 
nifty50_apr13.csv,71,2,3,False,12,Sr. No | Security Symbol | Security Name | Industry | Equity Capital | Free Float Market Capitalisation for April 2013 | Weightage | Beta | R2 | Volatility | Monthly Return | Avg. Impact Cost April 2013, |  |  |  | (In Rs.) | (Rs. Crores) | % |  |  | % |  | %, |  |  |  | (In Rs.) | (Rs. Crores) | % |  |  | % |  | %,* Impact Cost for CNX Nifty is the weightage average impact cost |  |  |  |  |  |  |  |  |  |  | 
nifty50_apr14.csv,71,2,3,False,12,Sr. No | Security Symbol | Security Name | Industry | Equity Capital | Free Float Market Capitalisation for March 2014 | Weightage | Beta | R2 | Volatility | Monthly Return | Avg. Impact Cost March 2014, |  |  |  | (In Rs.) | (Rs. Crores) | % |  |  | % |  | %, |  |  |  | (In Rs.) | (Rs. Crores) | % |  |  | % |  | %,* Impact Cost for CNX Nifty is the weightage average impact cost |  |  |  |  |  |  |  |  |  |  | 
nifty50_apr15.csv,70,2,3,False,12,Sr. No | Security Symbol | Security Name | Industry | Equity Capital (In Rs.) | Free Float Market Capitalisation (Rs. Crores) | Weightage (%) | Beta | R2 | Volatility (%) | Monthly Return | Avg. Impact Cost (%),1 | ASIANPAINT | Asian Paints Ltd. | PAINTS | 959197790 | 34525.12 | 1.21 | 0.93 | 0.19 | 1.59 | -6.02 | 0.07,1 | ASIANPAINT | Asian Paints Ltd. | PAINTS | 959197790 | 34525.12 | 1.21 | 0.93 | 0.19 | 1.59 | -6.02 | 0.07,* Impact Cost for CNX Nifty is the weightage average impact cost |  |  |  |  |  |  |  |  |  |  | 
nifty50_apr16.csv,71,2,3,False,12,Sr. No | Security Symbol | Security Name | Industry | Equity Capital (In Rs.) | Free Float Market Capitalisation (Rs. Crores) | Weightage (%) | Beta | R2 | Volatility (%) | Monthly Return | Avg. Impact Cost (%),1 | ACC | ACC Ltd. | CEMENT AND CEMENT PRODUCTS | 1881915760 | 13579.43 | 0.47 | 0.79 | 0.37 | 1.24 | 4.43 | 0.03,1 | ACC | ACC Ltd. | CEMENT AND CEMENT PRODUCTS | 1881915760 | 13579.43 | 0.47 | 0.79 | 0.37 | 1.24 | 4.43 | 0.03,* Impact Cost for Nifty 50 is the weightage average impact cost |  |  |  |  |  |  |  |  |  |  | 
nifty50_apr17.csv,71,2,3,False,12,Sr. No | Security Symbol | Security Name | Industry | Equity Capital (In Rs.) | Free Float Market Capitalisation (Rs. Crores) | Weightage (%) | Beta | R2 | Volatility (%) | Monthly Return | Avg. Impact Cost (%),1 | ACC | ACC Ltd. | CEMENT AND CEMENT PRODUCTS | 1877871730 | 13745.04 | 0.39 | 1.16 | 0.35 | 1.87 | 12.48 | 0.02,1 | ACC | ACC Ltd. | CEMENT AND CEMENT PRODUCTS | 1877871730 | 13745.04 | 0.39 | 1.16 | 0.35 | 1.87 | 12.48 | 0.02,* Impact Cost for Nifty 50 is the weightage average impact cost |  |  |  |  |  |  |  |  |  |  | 
nifty50_apr18.csv,70,2,3,False,12,Sr. No | Security Symbol | Security Name | Industry | Equity Capital (In Rs.) | Free Float Market Capitalisation (Rs. Crores) | Weightage (%) | Beta | R2 | Volatility (%) | Monthly Return | Avg. Impact Cost (%),1 | ADANIPORTS | Adani Ports and Special Economic Zone Ltd. | SHIPPING | 4141903522 | 28678.95 | 0.68 | 1.32 | 0.24 | 1.37 | 15.02 | 0.03,1 | ADANIPORTS | Adani Ports and Special Economic Zone Ltd. | SHIPPING | 4141903522 | 28678.95 | 0.68 | 1.32 | 0.24 | 1.37 | 15.02 | 0.03,* Impact Cost for Nifty 50 is the weightage average impact cost |  |  |  |  |  |  |  |  |  |  | 
nifty50_apr19.csv,70,2,3,False,12,Sr. No | Security Symbol | Security Name | Industry | Equity Capital (In Rs.) | Free Float Market Capitalisation (Rs. Crores) | Weightage (%) | Beta | R2 | Volatility (%) | Monthly Return | Avg. Impact Cost (%),1 | ADANIPORTS | Adani Ports and Special Economic Zone Ltd. | SHIPPING | 4141903522 | 30911.85 | 0.65 | 1.37 | 0.25 | 1.05 | 3.87 | 0.02,1 | ADANIPORTS | Adani Ports and Special Economic Zone Ltd. | SHIPPING | 4141903522 | 30911.85 | 0.65 | 1.37 | 0.25 | 1.05 | 3.87 | 0.02,* Impact Cost for Nifty 50 is the weightage average impact cost |  |  |  |  |  |  |  |  |  |  | 
nifty50_apr20.csv,70,2,3,False,12,Sr. No | Security Symbol | Security Name | Industry | Equity Capital (In Rs.) | Free Float Market Capitalisation (Rs. Crores) | Weightage (%) | Beta | R2 | Volatility (%) | Monthly Return | Avg. Impact Cost (%),1 | ADANIPORTS | Adani Ports and Special Economic Zone Ltd. | SHIPPING | 4063503522 | 22397.63 | 0.55 | 0.93 | 0.46 | 2.03 | 15.44 | 0.04,1 | ADANIPORTS | Adani Ports and Special Economic Zone Ltd. | SHIPPING | 4063503522 | 22397.63 | 0.55 | 0.93 | 0.46 | 2.03 | 15.44 | 0.04,* Impact Cost for Nifty 50 is the weightage average impact cost |  |  |  |  |  |  |  |  |  |  | 
nifty50_apr21.csv,70,2,3,False,12,Sr. No | Security Symbol | Security Name | Industry | Equity Capital (In Rs.) | Free Float Market Capitalisation (Rs. Crores) | Weightage (%) | Beta | R2 | Volatility (%) | Monthly Return | Avg. Impact Cost (%),1 | ADANIPORTS | Adani Ports and Special Economic Zone Ltd. | PORT | 4063503522 | 53398.09 | 0.84 | 1.12 | 0.30 | 4.18 | 3.94 | 0.04,1 | ADANIPORTS | Adani Ports and Special Economic Zone Ltd. | PORT | 4063503522 | 53398.09 | 0.84 | 1.12 | 0.30 | 4.18 | 3.94 | 0.04,* Impact Cost for Nifty 50 is the weightage average impact cost |  |  |  |  |  |  |  |  |  |  | 
nifty50_apr22.csv,70,2,3,False,12,Sr. No | Security Symbol | Security Name | Industry | Equity Capital (In Rs.) | Free Float Market Capitalisation (Rs. Crores) | Weightage (%) | Beta | R2 | Volatility (%) | Monthly Return | Avg. Impact Cost (%),1 | ADANIPORTS | Adani Ports and Special Economic Zone Ltd. | PORT | 4224746460 | 61507.24 | 0.82 | 1.37 | 0.34 | 2.63 | 10.62 | 0.03,1 | ADANIPORTS | Adani Ports and Special Economic Zone Ltd. | PORT | 4224746460 | 61507.24 | 0.82 | 1.37 | 0.34 | 2.63 | 10.62 | 0.03,* Impact Cost for Nifty 50 is the weightage average impact cost |  |  |  |  |  |  |  |  |  |  | 
nifty50_apr23.csv,70,2,3,False,12,Sr. No | Security Symbol | Security Name | Industry | Equity Capital (In Rs.) | Free Float Market Capitalisation (Rs. Crores) | Weightage (%) | Beta | R2 | Volatility (%) | Monthly Return | Avg. Impact Cost (%),1 | ADANIENT | Adani Enterprises Ltd. | TRADING - MINERALS/ MINING | 1140001121 | 52666.68 | 0.66 | 1.89 | 0.14 | 1.75 | 9.97 | 0.02,1 | ADANIENT | Adani Enterprises Ltd. | TRADING - MINERALS/ MINING | 1140001121 | 52666.68 | 0.66 | 1.89 | 0.14 | 1.75 | 9.97 | 0.02,* Impact Cost for Nifty 50 is the weightage average impact cost |  |  |  |  |  |  |  |  |  |  | 
nifty50_apr24.csv,70,2,3,False,12,Sr. No | Security Symbol | Security Name | Industry | Equity Capital (In Rs.) | Free Float Market Capitalisation (Rs. Crores) | Weightage (%) | Beta | R2 | Volatility (%) | Monthly Return | Avg. Impact Cost (%),1 | ADANIENT | Adani Enterprises Ltd. | TRADING - MINERALS/ MINING | 1140001121 | 80094.31 | 0.80 | 1.65 | 0.15 | 1.15 | -4.45 | 0.01,1 | ADANIENT | Adani Enterprises Ltd. | TRADING - MINERALS/ MINING | 1140001121 | 80094.31 | 0.80 | 1.65 | 0.15 | 1.15 | -4.45 | 0.01,* Impact Cost for Nifty 50 is the weightage average impact cost |  |  |  |  |  |  |  |  |  |  | 
nifty50_apr25.csv,70,2,3,False,12,Sr. No | Security Symbol | Security Name | Industry | Equity Capital (In Rs.) | Index Market Capitalisation (Rs. Crores) | Weightage (%) | Beta | R2 | Volatility (%) | Monthly Return | Avg. Impact Cost (%),1 | ADANIENT | Adani Enterprises Ltd. | TRADING - MINERALS/ MINING | 1154180729 | 59777.22 | 0.54 | 1.89 | 0.37 | 2.39 | -0.63 | 0.02,1 | ADANIENT | Adani Enterprises Ltd. | TRADING - MINERALS/ MINING | 1154180729 | 59777.22 | 0.54 | 1.89 | 0.37 | 2.39 | -0.63 | 0.02,* Impact Cost for Nifty 50 is the weightage average impact cost |  |  |  |  |  |  |  |  |  |  | 
nifty50_apr26.csv,68,2,3,False,12,Sr. No | Security Symbol | Security Name | Basic Industry | Equity Capital (In Rs.) | Index Market Capitalisation (Rs. Crores) | Weightage (%) | Beta | R2 | Volatility (%) | Monthly Return | Avg. Impact Cost (%),1 | ADANIENT | Adani Enterprises Ltd. | Trading - Minerals | 1291893209 | 68824.38 | 0.63 | 1.68 | 0.44 | 2.26 | 36.93 | 0.02,1 | ADANIENT | Adani Enterprises Ltd. | Trading - Minerals | 1291893209 | 68824.38 | 0.63 | 1.68 | 0.44 | 2.26 | 36.93 | 0.02,*Last day of trading was 30-Apr-2026 |  |  |  |  |  |  |  |  |  |  | 
nifty50_aug08.csv,82,5,6,False,11,Sr. No | Security Symbol | Industry | Equity | Market Capitalisation for August 2008 | Weightage | Beta | R2 | Volatility | Monthly Return | Avg. Impact Cost August 08, |  |  |  | (Rs. Crores) | % |  |  | % |  | %, |  |  |  | (Rs. Crores) | % |  |  | % |  | %,* Impact Cost for S&P CNX Nifty is the weightage average impact cost |  |  |  |  |  |  | 
nifty50_aug09.csv,79,2,3,False,12,Sr. No | Security Symbol | Security Name | Industry | Equity Capital | Free Float Market Capitalisation for August 2009 | Weightage | Beta | R2 | Volatility | Monthly Return | Avg. Impact Cost August 2009, |  |  |  | (In Rs.) | (Rs. Crores) | % |  |  | % |  | %, |  |  |  | (In Rs.) | (Rs. Crores) | % |  |  | % |  | %,* Impact Cost for S&P CNX Nifty is the weightage average impact cost |  |  |  |  |  |  |  | 
nifty50_aug10.csv,72,2,3,False,12,Sr. No | Security Symbol | Security Name | Industry | Equity Capital | Free Float Market Capitalisation for Aug. 2010 | Weightage | Beta | R2 | Volatility | Monthly Return | Avg. Impact Cost Aug. 2010, |  |  |  | (In Rs.) | (Rs. Crores) | % |  |  | % |  | %, |  |  |  | (In Rs.) | (Rs. Crores) | % |  |  | % |  | %,* FF MCAP = Free- Float market capitalization. |  |  |  |  |  |  |  |  |  |  | 
nifty50_aug11.csv,71,2,3,False,11,Sr. No | Security Symbol | Equity Capital (Rs.) | FF MCAP^  August 30 2011 (Rs. Crores) | Weightage (%) | Beta | R2 | Volatility (%) | Monthly Return | Avg. Impact Cost August. 2011 | ,1 | ACC | 1877452660 | 9358 | 17.69 | 0.65 | 0.21 | 1.11 | -0.87 | 0.09 | ,1 | ACC | 1877452660 | 9358 | 17.69 | 0.65 | 0.21 | 1.11 | -0.87 | 0.09 | ,* Impact Cost for S&P CNX Nifty is the weightage average impact cost |  |  |  |  |  |  |  |  |  | 
nifty50_aug12.csv,71,2,3,False,14,Sr. No | Security Symbol | Security Name | Industry | Equity Capital | Free Float Market Capitalisation for August 2012 | Weightage | Beta | R2 | Volatility | Monthly Return | Avg. Impact Cost August 2012 |  | , |  |  |  | (In Rs.) | (Rs. Crores) | % |  |  | % |  | % |  | , |  |  |  | (In Rs.) | (Rs. Crores) | % |  |  | % |  | % |  | ,* Impact Cost for S&P CNX Nifty is the weightage average impact cost |  |  |  |  |  |  |  |  |  |  |  |  | 
nifty50_aug13.csv,71,2,3,False,12,Sr. No | Security Symbol | Security Name | Industry | Equity Capital | Free Float Market Capitalisation for August 2013 | Weightage | Beta | R2 | Volatility | Monthly Return | Avg. Impact Cost August 2013, |  |  |  | (In Rs.) | (Rs. Crores) | % |  |  | % |  | %, |  |  |  | (In Rs.) | (Rs. Crores) | % |  |  | % |  | %,* Impact Cost for CNX Nifty is the weightage average impact cost |  |  |  |  |  |  |  |  |  |  | 
nifty50_aug14.csv,72,2,3,False,12,Sr. No | Security Symbol | Security Name | Industry | Equity Capital | Free Float Market Capitalisation | Weightage | Beta | R2 | Volatility | Monthly Return | Avg. Impact Cost, |  |  |  | (In Rs.) | (Rs. Crores) | % |  |  | % |  | %, |  |  |  | (In Rs.) | (Rs. Crores) | % |  |  | % |  | %,* Impact Cost for CNX Nifty is the weightage average impact cost |  |  |  |  |  |  |  |  |  |  | 
nifty50_aug15.csv,70,2,3,False,12,Sr. No | Security Symbol | Security Name | Industry | Equity Capital (In Rs.) | Free Float Market Capitalisation (Rs. Crores) | Weightage (%) | Beta | R2 | Volatility (%) | Monthly Return | Avg. Impact Cost (%),1 | ACC | ACC Ltd. | CEMENT AND CEMENT PRODUCTS | 1881915760 | 12485.92 | 0.44 | 0.94 | 0.35 | 1.47 | -3.79 | 0.07,1 | ACC | ACC Ltd. | CEMENT AND CEMENT PRODUCTS | 1881915760 | 12485.92 | 0.44 | 0.94 | 0.35 | 1.47 | -3.79 | 0.07,* Impact Cost for CNX Nifty is the weightage average impact cost |  |  |  |  |  |  |  |  |  |  | 
nifty50_aug16.csv,71,2,3,False,12,Sr. No | Security Symbol | Security Name | Industry | Equity Capital (In Rs.) | Free Float Market Capitalisation (Rs. Crores) | Weightage (%) | Beta | R2 | Volatility (%) | Monthly Return | Avg. Impact Cost (%),1 | ACC | ACC Ltd. | CEMENT AND CEMENT PRODUCTS | 1877871730 | 16053.93 | 0.50 | 0.77 | 0.31 | 1.56 | 1.25 | 0.03,1 | ACC | ACC Ltd. | CEMENT AND CEMENT PRODUCTS | 1877871730 | 16053.93 | 0.50 | 0.77 | 0.31 | 1.56 | 1.25 | 0.03,* Impact Cost for Nifty 50 is the weightage average impact cost |  |  |  |  |  |  |  |  |  |  | 
nifty50_aug17.csv,71,2,3,False,12,Sr. No | Security Symbol | Security Name | Industry | Equity Capital (In Rs.) | Free Float Market Capitalisation (Rs. Crores) | Weightage (%) | Beta | R2 | Volatility (%) | Monthly Return | Avg. Impact Cost (%),1 | ACC | ACC Ltd. | CEMENT AND CEMENT PRODUCTS | 1877871730 | 15212.87 | 0.41 | 1.18 | 0.30 | 1.18 | 3.87 | 0.03,1 | ACC | ACC Ltd. | CEMENT AND CEMENT PRODUCTS | 1877871730 | 15212.87 | 0.41 | 1.18 | 0.30 | 1.18 | 3.87 | 0.03,* Impact Cost for Nifty 50 is the weightage average impact cost |  |  |  |  |  |  |  |  |  |  | 
nifty50_aug18.csv,70,2,3,False,12,Sr. No | Security Symbol | Security Name | Industry | Equity Capital (In Rs.) | Free Float Market Capitalisation (Rs. Crores) | Weightage (%) | Beta | R2 | Volatility (%) | Monthly Return | Avg. Impact Cost (%),1 | ADANIPORTS | Adani Ports and Special Economic Zone Ltd. | SHIPPING | 4141903522 | 26978.50 | 0.58 | 1.33 | 0.26 | 1.66 | -4.15 | 0.03,1 | ADANIPORTS | Adani Ports and Special Economic Zone Ltd. | SHIPPING | 4141903522 | 26978.50 | 0.58 | 1.33 | 0.26 | 1.66 | -4.15 | 0.03,* Impact Cost for Nifty 50 is the weightage average impact cost |  |  |  |  |  |  |  |  |  |  | 
nifty50_aug19.csv,70,2,3,False,12,Sr. No | Security Symbol | Security Name | Industry | Equity Capital (In Rs.) | Free Float Market Capitalisation (Rs. Crores) | Weightage (%) | Beta | R2 | Volatility (%) | Monthly Return | Avg. Impact Cost (%),1 | ADANIPORTS | Adani Ports and Special Economic Zone Ltd. | SHIPPING | 4141903522 | 28779.19 | 0.64 | 1.37 | 0.29 | 1.92 | -3.14 | 0.03,1 | ADANIPORTS | Adani Ports and Special Economic Zone Ltd. | SHIPPING | 4141903522 | 28779.19 | 0.64 | 1.37 | 0.29 | 1.92 | -3.14 | 0.03,* Impact Cost for Nifty 50 is the weightage average impact cost |  |  |  |  |  |  |  |  |  |  | 
nifty50_aug20.csv,70,2,3,False,12,Sr. No | Security Symbol | Security Name | Industry | Equity Capital (In Rs.) | Free Float Market Capitalisation (Rs. Crores) | Weightage (%) | Beta | R2 | Volatility (%) | Monthly Return | Avg. Impact Cost (%),1 | ADANIPORTS | Adani Ports and Special Economic Zone Ltd. | SHIPPING | 4063503522 | 26743.44 | 0.55 | 0.91 | 0.46 | 1.53 | 12.86 | 0.03,1 | ADANIPORTS | Adani Ports and Special Economic Zone Ltd. | SHIPPING | 4063503522 | 26743.44 | 0.55 | 0.91 | 0.46 | 1.53 | 12.86 | 0.03,* Impact Cost for Nifty 50 is the weightage average impact cost |  |  |  |  |  |  |  |  |  |  | 
nifty50_aug21.csv,70,2,3,False,12,Sr. No | Security Symbol | Security Name | Industry | Equity Capital (In Rs.) | Free Float Market Capitalisation (Rs. Crores) | Weightage (%) | Beta | R2 | Volatility (%) | Monthly Return | Avg. Impact Cost (%),1 | ADANIPORTS | Adani Ports and Special Economic Zone Ltd. | PORT | 4083503522 | 55002.34 | 0.74 | 1.21 | 0.22 | 1.90 | 10.94 | 0.03,1 | ADANIPORTS | Adani Ports and Special Economic Zone Ltd. | PORT | 4083503522 | 55002.34 | 0.74 | 1.21 | 0.22 | 1.90 | 10.94 | 0.03,* Impact Cost for Nifty 50 is the weightage average impact cost |  |  |  |  |  |  |  |  |  |  | 
nifty50_aug22.csv,70,2,3,False,12,Sr. No | Security Symbol | Security Name | Industry | Equity Capital (In Rs.) | Free Float Market Capitalisation (Rs. Crores) | Weightage (%) | Beta | R2 | Volatility (%) | Monthly Return | Avg. Impact Cost (%),1 | ADANIPORTS | Adani Ports and Special Economic Zone Ltd. | PORT | 4224746460 | 60483.79 | 0.78 | 1.39 | 0.51 | 2.17 | 10.27 | 0.02,1 | ADANIPORTS | Adani Ports and Special Economic Zone Ltd. | PORT | 4224746460 | 60483.79 | 0.78 | 1.39 | 0.51 | 2.17 | 10.27 | 0.02,* Impact Cost for Nifty 50 is the weightage average impact cost |  |  |  |  |  |  |  |  |  |  | 
nifty50_aug23.csv,72,2,3,False,12,Sr. No | Security Symbol | Security Name | Industry | Equity Capital (In Rs.) | Free Float Market Capitalisation (Rs. Crores) | Weightage (%) | Beta | R2 | Volatility (%) | Monthly Return | Avg. Impact Cost (%),1 | ADANIENT | Adani Enterprises Ltd. | TRADING - MINERALS/ MINING | 1140001121 | 74464.59 | 0.87 | 2.25 | 0.11 | 2.32 | -2.93 | 0.02,1 | ADANIENT | Adani Enterprises Ltd. | TRADING - MINERALS/ MINING | 1140001121 | 74464.59 | 0.87 | 2.25 | 0.11 | 2.32 | -2.93 | 0.02,* Impact Cost for Nifty 50 is the weightage average impact cost |  |  |  |  |  |  |  |  |  |  | 
nifty50_aug24.csv,70,2,3,False,12,Sr. No | Security Symbol | Security Name | Industry | Equity Capital (In Rs.) | Index Market Capitalisation (Rs. Crores) | Weightage (%) | Beta | R2 | Volatility (%) | Monthly Return | Avg. Impact Cost (%),1 | ADANIENT | Adani Enterprises Ltd. | TRADING - MINERALS/ MINING | 1140001121 | 79167.43485 | 0.70739287 | 2.071894 | 0.44702821 | 1.59802022 | -4.73433457 | 0.02,1 | ADANIENT | Adani Enterprises Ltd. | TRADING - MINERALS/ MINING | 1140001121 | 79167.43485 | 0.70739287 | 2.071894 | 0.44702821 | 1.59802022 | -4.73433457 | 0.02,* Impact Cost for Nifty 50 is the weightage average impact cost |  |  |  |  |  |  |  |  |  |  | 
nifty50_aug25.csv,68,2,3,False,12,Sr. No | Security Symbol | Security Name | Industry | Equity Capital (In Rs.) | Index Market Capitalisation (Rs. Crores) | Weightage (%) | Beta | R2 | Volatility (%) | Monthly Return | Avg. Impact Cost (%),1 | ADANIENT | Adani Enterprises Ltd. | TRADING - MINERALS/ MINING | 1154180729 | 58307.0127 | 0.52816746 | 1.62168875 | 0.2700246 | 1.92590312 | -7.65211667 | 0.02,1 | ADANIENT | Adani Enterprises Ltd. | TRADING - MINERALS/ MINING | 1154180729 | 58307.0127 | 0.52816746 | 1.62168875 | 0.2700246 | 1.92590312 | -7.65211667 | 0.02,*Last day of trading was 29-Aug-2025 |  |  |  |  |  |  |  |  |  |  | 
nifty50_dec08.csv,79,2,3,False,12,Sr. No | Security Symbol | Security Name | Industry | Equity | Market Capitalisation for December 2008 | Weightage | Beta | R2 | Volatility | Monthly Return | Avg. Impact Cost December 08, |  |  |  |  | (Rs. Crores) | % |  |  | % |  | %, |  |  |  |  | (Rs. Crores) | % |  |  | % |  | %,* Impact Cost for S&P CNX Nifty is the weightage average impact cost |  |  |  |  |  |  |  | 
nifty50_dec09.csv,78,2,3,False,12,Sr. No | Security Symbol | Security Name | Industry | Equity Capital | Free Float Market Capitalisation for December 2009 | Weightage | Beta | R2 | Volatility | Monthly Return | Avg. Impact Cost December 2009, |  |  |  | (In Rs.) | (Rs. Crores) | % |  |  | % |  | %, |  |  |  | (In Rs.) | (Rs. Crores) | % |  |  | % |  | %,* Impact Cost for S&P CNX Nifty is the weightage average impact cost |  |  |  |  |  |  |  | 
nifty50_dec10.csv,71,2,3,False,12,Sr. No | Security Symbol | Security Name | Industry | Equity Capital | Free Float Market Capitalisation for Dec. 2010 | Weightage | Beta | R2 | Volatility | Monthly Return | Avg. Impact Cost Dec. 2010, |  |  |  | (In Rs.) | (Rs. Crores) | % |  |  | % |  | %, |  |  |  | (In Rs.) | (Rs. Crores) | % |  |  | % |  | %,* Impact Cost for S&P CNX Nifty is the weightage average impact cost |  |  |  |  |  |  |  |  |  |  | 
nifty50_dec11.csv,71,2,3,False,12,Sr. No | Security Symbol | Security Name | Industry | Equity Capital | Free Float Market Capitalisation for Dec 2011 | Weightage | Beta | R2 | Volatility | Monthly Return | Avg. Impact Cost Dec. 2011, |  |  |  | (In Rs.) | (Rs. Crores) | % |  |  | % |  | %, |  |  |  | (In Rs.) | (Rs. Crores) | % |  |  | % |  | %,* Impact Cost for S&P CNX Nifty is the weightage average impact cost |  |  |  |  |  |  |  |  |  |  | 
nifty50_dec12.csv,71,2,3,False,12,Sr. No | Security Symbol | Security Name | Industry | Equity Capital | Free Float Market Capitalisation for December 2012 | Weightage | Beta | R2 | Volatility | Monthly Return | Avg. Impact Cost December 2012, |  |  |  | (In Rs.) | (Rs. Crores) | % |  |  | % |  | %, |  |  |  | (In Rs.) | (Rs. Crores) | % |  |  | % |  | %,* Impact Cost for S&P CNX Nifty is the weightage average impact cost |  |  |  |  |  |  |  |  |  |  | 
nifty50_dec13.csv,71,2,3,False,12,Sr. No | Security Symbol | Security Name | Industry | Equity Capital | Free Float Market Capitalisation for December 2013 | Weightage | Beta | R2 | Volatility | Monthly Return | Avg. Impact Cost December 2013, |  |  |  | (In Rs.) | (Rs. Crores) | % |  |  | % |  | %, |  |  |  | (In Rs.) | (Rs. Crores) | % |  |  | % |  | %,* Impact Cost for CNX Nifty is the weightage average impact cost |  |  |  |  |  |  |  |  |  |  | 
nifty50_dec14.csv,71,2,3,False,12,Sr. No | Security Symbol | Security Name | Industry | Equity Capital (In Rs.) | Free Float Market Capitalisation (Rs. Crores) | Weightage (%) | Beta | R2 | Volatility (%) | Monthly Return | Avg. Impact Cost (%),1 | ACC | ACC Ltd. | CEMENT AND CEMENT PRODUCTS | 1881915760 | 13097 | 0.47 | 1.25 | 0.37 | 1.10 | -5.10 | 0.06,1 | ACC | ACC Ltd. | CEMENT AND CEMENT PRODUCTS | 1881915760 | 13097 | 0.47 | 1.25 | 0.37 | 1.10 | -5.10 | 0.06,* Impact Cost for CNX Nifty is the weightage average impact cost |  |  |  |  |  |  |  |  |  |  | 
nifty50_dec15.csv,70,2,3,False,12,Sr. No | Security Symbol | Security Name | Industry | Equity Capital (In Rs.) | Free Float Market Capitalisation (Rs. Crores) | Weightage (%) | Beta | R2 | Volatility (%) | Monthly Return | Avg. Impact Cost (%),1 | ACC | ACC Ltd. | CEMENT AND CEMENT PRODUCTS | 1881915760 | 12727.25 | 0.45 | 0.82 | 0.31 | 0.92 | 1.22 | 0.03,1 | ACC | ACC Ltd. | CEMENT AND CEMENT PRODUCTS | 1881915760 | 12727.25 | 0.45 | 0.82 | 0.31 | 0.92 | 1.22 | 0.03,* Impact Cost for Nifty 50 is the weightage average impact cost |  |  |  |  |  |  |  |  |  |  | 
nifty50_dec16.csv,71,2,3,False,12,Sr. No | Security Symbol | Security Name | Industry | Equity Capital (In Rs.) | Free Float Market Capitalisation (Rs. Crores) | Weightage (%) | Beta | R2 | Volatility (%) | Monthly Return | Avg. Impact Cost (%),1 | ACC | ACC Ltd. | CEMENT AND CEMENT PRODUCTS | 1877871730 | 12497.71 | 0.41 | 0.94 | 0.37 | 1.11 | -0.85 | 0.03,1 | ACC | ACC Ltd. | CEMENT AND CEMENT PRODUCTS | 1877871730 | 12497.71 | 0.41 | 0.94 | 0.37 | 1.11 | -0.85 | 0.03,* Impact Cost for Nifty 50 is the weightage average impact cost |  |  |  |  |  |  |  |  |  |  | 
nifty50_dec17.csv,70,2,3,False,12,Sr. No | Security Symbol | Security Name | Industry | Equity Capital (In Rs.) | Free Float Market Capitalisation (Rs. Crores) | Weightage (%) | Beta | R2 | Volatility (%) | Monthly Return | Avg. Impact Cost (%),1 | ADANIPORTS | Adani Ports and Special Economic Zone Ltd. | SHIPPING | 4141903522 | 31083.02 | 0.76 | 1.54 | 0.25 | 1.09 | 1.92 | 0.04,1 | ADANIPORTS | Adani Ports and Special Economic Zone Ltd. | SHIPPING | 4141903522 | 31083.02 | 0.76 | 1.54 | 0.25 | 1.09 | 1.92 | 0.04,* Impact Cost for Nifty 50 is the weightage average impact cost |  |  |  |  |  |  |  |  |  |  | 
nifty50_dec18.csv,70,2,3,False,12,Sr. No | Security Symbol | Security Name | Industry | Equity Capital (In Rs.) | Free Float Market Capitalisation (Rs. Crores) | Weightage (%) | Beta | R2 | Volatility (%) | Monthly Return | Avg. Impact Cost (%),1 | ADANIPORTS | Adani Ports and Special Economic Zone Ltd. | SHIPPING | 4141903522 | 30510.50 | 0.70 | 1.41 | 0.33 | 2.28 | 6.03 | 0.03,1 | ADANIPORTS | Adani Ports and Special Economic Zone Ltd. | SHIPPING | 4141903522 | 30510.50 | 0.70 | 1.41 | 0.33 | 2.28 | 6.03 | 0.03,* Impact Cost for Nifty 50 is the weightage average impact cost |  |  |  |  |  |  |  |  |  |  | 
nifty50_dec19.csv,70,2,3,False,12,Sr. No | Security Symbol | Security Name | Industry | Equity Capital (In Rs.) | Free Float Market Capitalisation (Rs. Crores) | Weightage (%) | Beta | R2 | Volatility (%) | Monthly Return | Avg. Impact Cost (%),1 | ADANIPORTS | Adani Ports and Special Economic Zone Ltd. | SHIPPING | 4063503522 | 28257.60 | 0.56 | 1.21 | 0.25 | 1.45 | -4.20 | 0.02,1 | ADANIPORTS | Adani Ports and Special Economic Zone Ltd. | SHIPPING | 4063503522 | 28257.60 | 0.56 | 1.21 | 0.25 | 1.45 | -4.20 | 0.02,* Impact Cost for Nifty 50 is the weightage average impact cost |  |  |  |  |  |  |  |  |  |  | 
nifty50_dec20.csv,70,2,3,False,12,Sr. No | Security Symbol | Security Name | Industry | Equity Capital (In Rs.) | Free Float Market Capitalisation (Rs. Crores) | Weightage (%) | Beta | R2 | Volatility (%) | Monthly Return | Avg. Impact Cost (%),1 | ADANIPORTS | Adani Ports and Special Economic Zone Ltd. | SHIPPING | 4063503522 | 35382.96 | 0.59 | 0.92 | 0.43 | 2.14 | 17.54 | 0.03,1 | ADANIPORTS | Adani Ports and Special Economic Zone Ltd. | SHIPPING | 4063503522 | 35382.96 | 0.59 | 0.92 | 0.43 | 2.14 | 17.54 | 0.03,* Impact Cost for Nifty 50 is the weightage average impact cost |  |  |  |  |  |  |  |  |  |  | 
nifty50_dec21.csv,70,2,3,False,12,Sr. No | Security Symbol | Security Name | Industry | Equity Capital (In Rs.) | Free Float Market Capitalisation (Rs. Crores) | Weightage (%) | Beta | R2 | Volatility (%) | Monthly Return | Avg. Impact Cost (%),1 | ADANIPORTS | Adani Ports and Special Economic Zone Ltd. | PORT | 4083503522 | 53679.29 | 0.71 | 1.35 | 0.26 | 1.98 | 6.79 | 0.03,1 | ADANIPORTS | Adani Ports and Special Economic Zone Ltd. | PORT | 4083503522 | 53679.29 | 0.71 | 1.35 | 0.26 | 1.98 | 6.79 | 0.03,* Impact Cost for Nifty 50 is the weightage average impact cost |  |  |  |  |  |  |  |  |  |  | 
nifty50_dec22.csv,70,2,3,False,12,Sr. No | Security Symbol | Security Name | Industry | Equity Capital (In Rs.) | Free Float Market Capitalisation (Rs. Crores) | Weightage (%) | Beta | R2 | Volatility (%) | Monthly Return | Avg. Impact Cost (%),1 | ADANIENT | Adani Enterprises Ltd. | TRADING - MINERALS/ MINING | 1140001121 | 105564.56 | 1.32 | 1.38 | 0.41 | 2.20 | -1.52 | 0.02,1 | ADANIENT | Adani Enterprises Ltd. | TRADING - MINERALS/ MINING | 1140001121 | 105564.56 | 1.32 | 1.38 | 0.41 | 2.20 | -1.52 | 0.02,* Impact Cost for Nifty 50 is the weightage average impact cost |  |  |  |  |  |  |  |  |  |  | 
nifty50_dec23.csv,70,2,3,False,12,Sr. No | Security Symbol | Security Name | Industry | Equity Capital (In Rs.) | Free Float Market Capitalisation (Rs. Crores) | Weightage (%) | Beta | R2 | Volatility (%) | Monthly Return | Avg. Impact Cost (%),1 | ADANIENT | Adani Enterprises Ltd. | TRADING - MINERALS/ MINING | 1140001121 | 74699.54 | 0.79 | 2.86 | 0.14 | 4.36 | 20.79 | 0.02,1 | ADANIENT | Adani Enterprises Ltd. | TRADING - MINERALS/ MINING | 1140001121 | 74699.54 | 0.79 | 2.86 | 0.14 | 4.36 | 20.79 | 0.02,* Impact Cost for Nifty 50 is the weightage average impact cost |  |  |  |  |  |  |  |  |  |  | 
nifty50_dec24.csv,70,2,3,False,12,Sr. No | Security Symbol | Security Name | Industry | Equity Capital (In Rs.) | Index Market Capitalisation (Rs. Crores) | Weightage (%) | Beta | R2 | Volatility (%) | Monthly Return | Avg. Impact Cost (%),1 | ADANIENT | Adani Enterprises Ltd. | TRADING - MINERALS/ MINING | 1154180729 | 62874.24068 | 0.59293155 | 1.92887146 | 0.35941926 | 2.12775092 | 2.65919656 | 0.02,1 | ADANIENT | Adani Enterprises Ltd. | TRADING - MINERALS/ MINING | 1154180729 | 62874.24068 | 0.59293155 | 1.92887146 | 0.35941926 | 2.12775092 | 2.65919656 | 0.02,* Impact Cost for Nifty 50 is the weightage average impact cost |  |  |  |  |  |  |  |  |  |  | 
nifty50_dec25.csv,69,2,3,False,12,Sr. No | Security Symbol | Security Name | Basic Industry | Equity Capital (In Rs.) | Index Market Capitalisation (Rs. Crores) | Weightage (%) | Beta | R2 | Volatility (%) | Monthly Return | Avg. Impact Cost (%),1 | ADANIENT | Adani Enterprises Ltd. | Trading - Minerals | 1154180729 | 58172.74109 | 0.4895059 | 1.61456202 | 0.38631579 | 1.3302127 | -1.77615999 | 0.01,1 | ADANIENT | Adani Enterprises Ltd. | Trading - Minerals | 1154180729 | 58172.74109 | 0.4895059 | 1.61456202 | 0.38631579 | 1.3302127 | -1.77615999 | 0.01,*Last day of trading was 31-Dec-2025 |  |  |  |  |  |  |  |  |  |  | 
nifty50_feb08.csv,81,5,6,False,11,Sr. No | Security Symbol | Industry | Equity | Market Capitalisation as on 29-02-2008 | Weightage | Beta | R2 | Volatility | Monthly Return | Avg. Impact Cost Feb 08, |  |  |  | (Rs. Crores) | % |  |  | % |  | %, |  |  |  | (Rs. Crores) | % |  |  | % |  | %,* Impact Cost for S&P CNX Nifty is the weightage average impact cost |  |  |  |  |  |  | 
nifty50_feb09.csv,79,2,3,False,12,Sr. No | Security Symbol | Security Name | Industry | Equity | Market Capitalisation for February 2009 | Weightage | Beta | R2 | Volatility | Monthly Return | Avg. Impact Cost February 2009, |  |  |  |  | (Rs. Crores) | % |  |  | % |  | %, |  |  |  |  | (Rs. Crores) | % |  |  | % |  | %,* Impact Cost for S&P CNX Nifty is the weightage average impact cost |  |  |  |  |  |  |  | 
nifty50_feb10.csv,78,2,3,False,12,Sr. No | Security Symbol | Security Name | Industry | Equity Capital | Free Float Market Capitalisation for February 2010 | Weightage | Beta | R2 | Volatility | Monthly Return | Avg. Impact Cost February 2010, |  |  |  | (In Rs.) | (Rs. Crores) | % |  |  | % |  | %, |  |  |  | (In Rs.) | (Rs. Crores) | % |  |  | % |  | %,* Impact Cost for S&P CNX Nifty is the weightage average impact cost |  |  |  |  |  |  |  | 
nifty50_feb11.csv,71,2,3,False,12,Sr. No | Security Symbol | Security Name | Industry | Equity Capital | Free Float Market Capitalisation for Feb  2011 | Weightage | Beta | R2 | Volatility | Monthly Return | Avg. Impact Cost Feb  2011, |  |  |  | (In Rs.) | (Rs. Crores) | % |  |  | % |  | %, |  |  |  | (In Rs.) | (Rs. Crores) | % |  |  | % |  | %,* Impact Cost for S&P CNX Nifty is the weightage average impact cost |  |  |  |  |  |  |  |  |  |  | 
nifty50_feb12.csv,71,2,3,False,12,Sr. No | Security Symbol | Security Name | Industry | Equity Capital | Free Float Market Capitalisation for Feb 2012 | Weightage | Beta | R2 | Volatility | Monthly Return | Avg. Impact Cost Feb. 2012, |  |  |  | (In Rs.) | (Rs. Crores) | % |  |  | % |  | %, |  |  |  | (In Rs.) | (Rs. Crores) | % |  |  | % |  | %,* Impact Cost for S&P CNX Nifty is the weightage average impact cost |  |  |  |  |  |  |  |  |  |  | 
nifty50_feb13.csv,71,2,3,False,12,Sr. No | Security Symbol | Security Name | Industry | Equity Capital | Free Float Market Capitalisation for February 2013 | Weightage | Beta | R2 | Volatility | Monthly Return | Avg. Impact Cost February 2013, |  |  |  | (In Rs.) | (Rs. Crores) | % |  |  | % |  | %, |  |  |  | (In Rs.) | (Rs. Crores) | % |  |  | % |  | %,* Impact Cost for CNX Nifty is the weightage average impact cost |  |  |  |  |  |  |  |  |  |  | 
nifty50_feb14.csv,71,2,3,False,12,Sr. No | Security Symbol | Security Name | Industry | Equity Capital | Free Float Market Capitalisation for February 2014 | Weightage | Beta | R2 | Volatility | Monthly Return | Avg. Impact Cost February 2014, |  |  |  | (In Rs.) | (Rs. Crores) | % |  |  | % |  | %, |  |  |  | (In Rs.) | (Rs. Crores) | % |  |  | % |  | %,* Impact Cost for CNX Nifty is the weightage average impact cost |  |  |  |  |  |  |  |  |  |  | 
nifty50_feb15.csv,71,2,3,False,12,Sr. No | Security Symbol | Security Name | Industry | Equity Capital (In Rs.) | Free Float Market Capitalisation (Rs. Crores) | Weightage (%) | Beta | R2 | Volatility (%) | Monthly Return | Avg. Impact Cost (%),1 | ACC | ACC Ltd. | CEMENT AND CEMENT PRODUCTS | 1881915760 | 15696.60979 | 0.52 | 1.18 | 0.36 | 1.60 | 7.54 | 0.06,1 | ACC | ACC Ltd. | CEMENT AND CEMENT PRODUCTS | 1881915760 | 15696.60979 | 0.52 | 1.18 | 0.36 | 1.60 | 7.54 | 0.06,* Impact Cost for CNX Nifty is the weightage average impact cost |  |  |  |  |  |  |  |  |  |  | 
nifty50_feb16.csv,70,2,3,False,12,Sr. No | Security Symbol | Security Name | Industry | Equity Capital (In Rs.) | Free Float Market Capitalisation (Rs. Crores) | Weightage (%) | Beta | R2 | Volatility (%) | Monthly Return | Avg. Impact Cost (%),1 | ACC | ACC Ltd. | CEMENT AND CEMENT PRODUCTS | 1881915760 | 11234.10 | 0.45 | 0.82 | 0.34 | 1.70 | -3.72 | 0.04,1 | ACC | ACC Ltd. | CEMENT AND CEMENT PRODUCTS | 1881915760 | 11234.10 | 0.45 | 0.82 | 0.34 | 1.70 | -3.72 | 0.04,* Impact Cost for Nifty 50 is the weightage average impact cost |  |  |  |  |  |  |  |  |  |  | 
nifty50_feb17.csv,71,2,3,False,12,Sr. No | Security Symbol | Security Name | Industry | Equity Capital (In Rs.) | Free Float Market Capitalisation (Rs. Crores) | Weightage (%) | Beta | R2 | Volatility (%) | Monthly Return | Avg. Impact Cost (%),1 | ACC | ACC Ltd. | CEMENT AND CEMENT PRODUCTS | 1877871730 | 11927.77 | 0.36 | 1.04 | 0.35 | 1.76 | -0.14 | 0.03,1 | ACC | ACC Ltd. | CEMENT AND CEMENT PRODUCTS | 1877871730 | 11927.77 | 0.36 | 1.04 | 0.35 | 1.76 | -0.14 | 0.03,* Impact Cost for Nifty 50 is the weightage average impact cost |  |  |  |  |  |  |  |  |  |  | 
nifty50_feb18.csv,70,2,3,False,12,Sr. No | Security Symbol | Security Name | Industry | Equity Capital (In Rs.) | Free Float Market Capitalisation (Rs. Crores) | Weightage (%) | Beta | R2 | Volatility (%) | Monthly Return | Avg. Impact Cost (%),1 | ADANIPORTS | Adani Ports and Special Economic Zone Ltd. | SHIPPING | 4141903522 | 31289.91 | 0.77 | 1.32 | 0.21 | 1.50 | -4.78 | 0.04,1 | ADANIPORTS | Adani Ports and Special Economic Zone Ltd. | SHIPPING | 4141903522 | 31289.91 | 0.77 | 1.32 | 0.21 | 1.50 | -4.78 | 0.04,* Impact Cost for Nifty 50 is the weightage average impact cost |  |  |  |  |  |  |  |  |  |  | 
nifty50_feb19.csv,70,2,3,False,12,Sr. No | Security Symbol | Security Name | Industry | Equity Capital (In Rs.) | Free Float Market Capitalisation (Rs. Crores) | Weightage (%) | Beta | R2 | Volatility (%) | Monthly Return | Avg. Impact Cost (%),1 | ADANIPORTS | Adani Ports and Special Economic Zone Ltd. | SHIPPING | 4141903522 | 25643.15 | 0.59 | 1.40 | 0.25 | 2.58 | -3.78 | 0.03,1 | ADANIPORTS | Adani Ports and Special Economic Zone Ltd. | SHIPPING | 4141903522 | 25643.15 | 0.59 | 1.40 | 0.25 | 2.58 | -3.78 | 0.03,* Impact Cost for Nifty 50 is the weightage average impact cost |  |  |  |  |  |  |  |  |  |  | 
nifty50_feb20.csv,70,2,3,False,12,Sr. No | Security Symbol | Security Name | Industry | Equity Capital (In Rs.) | Free Float Market Capitalisation (Rs. Crores) | Weightage (%) | Beta | R2 | Volatility (%) | Monthly Return | Avg. Impact Cost (%),1 | ADANIPORTS | Adani Ports and Special Economic Zone Ltd. | SHIPPING | 4063503522 | 26420.09 | 0.57 | 1.14 | 0.37 | 1.34 | -7.36 | 0.03,1 | ADANIPORTS | Adani Ports and Special Economic Zone Ltd. | SHIPPING | 4063503522 | 26420.09 | 0.57 | 1.14 | 0.37 | 1.34 | -7.36 | 0.03,* Impact Cost for Nifty 50 is the weightage average impact cost |  |  |  |  |  |  |  |  |  |  | 
nifty50_feb21.csv,70,2,3,False,12,Sr. No | Security Symbol | Security Name | Industry | Equity Capital (In Rs.) | Free Float Market Capitalisation (Rs. Crores) | Weightage (%) | Beta | R2 | Volatility (%) | Monthly Return | Avg. Impact Cost (%),1 | ADANIPORTS | Adani Ports and Special Economic Zone Ltd. | SHIPPING | 4063503522 | 49437.40 | 0.79 | 0.93 | 0.41 | 2.47 | 32.61 | 0.04,1 | ADANIPORTS | Adani Ports and Special Economic Zone Ltd. | SHIPPING | 4063503522 | 49437.40 | 0.79 | 0.93 | 0.41 | 2.47 | 32.61 | 0.04,* Impact Cost for Nifty 50 is the weightage average impact cost |  |  |  |  |  |  |  |  |  |  | 
nifty50_feb22.csv,70,2,3,False,12,Sr. No | Security Symbol | Security Name | Industry | Equity Capital (In Rs.) | Free Float Market Capitalisation (Rs. Crores) | Weightage (%) | Beta | R2 | Volatility (%) | Monthly Return | Avg. Impact Cost (%),1 | ADANIPORTS | Adani Ports and Special Economic Zone Ltd. | PORT | 4083503522 | 52003.42 | 0.71 | 1.47 | 0.33 | 2.83 | -1.23 | 0.03,1 | ADANIPORTS | Adani Ports and Special Economic Zone Ltd. | PORT | 4083503522 | 52003.42 | 0.71 | 1.47 | 0.33 | 2.83 | -1.23 | 0.03,* Impact Cost for Nifty 50 is the weightage average impact cost |  |  |  |  |  |  |  |  |  |  | 
nifty50_feb23.csv,70,2,3,False,12,Sr. No | Security Symbol | Security Name | Industry | Equity Capital (In Rs.) | Free Float Market Capitalisation (Rs. Crores) | Weightage (%) | Beta | R2 | Volatility (%) | Monthly Return | Avg. Impact Cost (%),1 | ADANIENT | Adani Enterprises Ltd. | TRADING - MINERALS/ MINING | 1140001121 | 37314.97 | 0.49 | 1.59 | 0.13 | 11.43 | -54.14 | 0.17,1 | ADANIENT | Adani Enterprises Ltd. | TRADING - MINERALS/ MINING | 1140001121 | 37314.97 | 0.49 | 1.59 | 0.13 | 11.43 | -54.14 | 0.17,* Impact Cost for Nifty 50 is the weightage average impact cost |  |  |  |  |  |  |  |  |  |  | 
nifty50_feb24.csv,70,2,3,False,12,Sr. No | Security Symbol | Security Name | Industry | Equity Capital (In Rs.) | Free Float Market Capitalisation (Rs. Crores) | Weightage (%) | Beta | R2 | Volatility (%) | Monthly Return | Avg. Impact Cost (%),1 | ADANIENT | Adani Enterprises Ltd. | TRADING - MINERALS/ MINING | 1140001121 | 86143.27 | 0.90 | 2.02 | 0.16 | 1.16 | 4.56 | 0.02,1 | ADANIENT | Adani Enterprises Ltd. | TRADING - MINERALS/ MINING | 1140001121 | 86143.27 | 0.90 | 2.02 | 0.16 | 1.16 | 4.56 | 0.02,* Impact Cost for Nifty 50 is the weightage average impact cost |  |  |  |  |  |  |  |  |  |  | 
nifty50_feb25.csv,71,2,3,False,12,Sr. No | Security Symbol | Security Name | Industry | Equity Capital (In Rs.) | Index Market Capitalisation (Rs. Crores) | Weightage (%) | Beta | R2 | Volatility (%) | Monthly Return | Avg. Impact Cost (%),1 | ADANIENT | Adani Enterprises Ltd. | TRADING - MINERALS/ MINING | 1154180729 | 52116.51 | 0.53 | 1.97 | 0.36 | 1.87 | -8.38 | 0.02,1 | ADANIENT | Adani Enterprises Ltd. | TRADING - MINERALS/ MINING | 1154180729 | 52116.51 | 0.53 | 1.97 | 0.36 | 1.87 | -8.38 | 0.02,* Impact Cost for Nifty 50 is the weightage average impact cost |  |  |  |  |  |  |  |  |  |  | 
nifty50_feb26.csv,68,2,3,False,12,Sr. No | Security Symbol | Security Name | Basic Industry | Equity Capital (In Rs.) | Index Market Capitalisation (Rs. Crores) | Weightage (%) | Beta | R2 | Volatility (%) | Monthly Return | Avg. Impact Cost (%),1 | ADANIENT | Adani Enterprises Ltd. | Trading - Minerals | 1154180729 | 56149.41 | 0.49 | 1.86 | 0.45 | 2.91 | 7.00 | 0.02,1 | ADANIENT | Adani Enterprises Ltd. | Trading - Minerals | 1154180729 | 56149.41 | 0.49 | 1.86 | 0.45 | 2.91 | 7.00 | 0.02,*Last day of trading was 27-Feb-2026 |  |  |  |  |  |  |  |  |  |  | 
nifty50_jan08.csv,84,8,9,False,11,Sr. No | Security Symbol | Industry | Equity | Market Capitalisation as on 31-01-2008 | Weightage | Beta | R2 | Volatility | Monthly Return | Avg. Impact Cost Jan 08, |  |  |  | (Rs. Crores) | % |  |  | % |  | %, |  |  |  | (Rs. Crores) | % |  |  | % |  | %,* Impact Cost for S&P CNX Nifty is the weightage average impact cost |  |  |  |  |  |  | 
nifty50_jan09.csv,79,2,3,False,12,Sr. No | Security Symbol | Security Name | Industry | Equity | Market Capitalisation for January 2009 | Weightage | Beta | R2 | Volatility | Monthly Return | Avg. Impact Cost January 2009, |  |  |  |  | (Rs. Crores) | % |  |  | % |  | %, |  |  |  |  | (Rs. Crores) | % |  |  | % |  | %,* Impact Cost for S&P CNX Nifty is the weightage average impact cost |  |  |  |  |  |  |  | 
nifty50_jan10.csv,78,2,3,False,12,Sr. No | Security Symbol | Security Name | Industry | Equity Capital | Free Float Market Capitalisation for January 2010 | Weightage | Beta | R2 | Volatility | Monthly Return | Avg. Impact Cost January 2010, |  |  |  | (In Rs.) | (Rs. Crores) | % |  |  | % |  | %, |  |  |  | (In Rs.) | (Rs. Crores) | % |  |  | % |  | %,* Impact Cost for S&P CNX Nifty is the weightage average impact cost |  |  |  |  |  |  |  | 
nifty50_jan11.csv,71,2,3,False,12,Sr. No | Security Symbol | Security Name | Industry | Equity Capital | Free Float Market Capitalisation for Jan. 2011 | Weightage | Beta | R2 | Volatility | Monthly Return | Avg. Impact Cost Jan 2011, |  |  |  | (In Rs.) | (Rs. Crores) | % |  |  | % |  | %, |  |  |  | (In Rs.) | (Rs. Crores) | % |  |  | % |  | %,* Impact Cost for S&P CNX Nifty is the weightage average impact cost |  |  |  |  |  |  |  |  |  |  | 
nifty50_jan12.csv,71,2,3,False,12,Sr. No | Security Symbol | Security Name | Industry | Equity Capital | Free Float Market Capitalisation for Jan 2012 | Weightage | Beta | R2 | Volatility | Monthly Return | Avg. Impact Cost Jan. 2012, |  |  |  | (In Rs.) | (Rs. Crores) | % |  |  | % |  | %, |  |  |  | (In Rs.) | (Rs. Crores) | % |  |  | % |  | %,* Impact Cost for S&P CNX Nifty is the weightage average impact cost |  |  |  |  |  |  |  |  |  |  | 
nifty50_jan13.csv,71,2,3,False,12,Sr. No | Security Symbol | Security Name | Industry | Equity Capital | Free Float Market Capitalisation for January 2013 | Weightage | Beta | R2 | Volatility | Monthly Return | Avg. Impact Cost January 2013, |  |  |  | (In Rs.) | (Rs. Crores) | % |  |  | % |  | %, |  |  |  | (In Rs.) | (Rs. Crores) | % |  |  | % |  | %,* Impact Cost for S&P CNX Nifty is the weightage average impact cost |  |  |  |  |  |  |  |  |  |  | 
nifty50_jan14.csv,71,2,3,False,12,Sr. No | Security Symbol | Security Name | Industry | Equity Capital | Free Float Market Capitalisation for January 2014 | Weightage | Beta | R2 | Volatility | Monthly Return | Avg. Impact Cost January 2014, |  |  |  | (In Rs.) | (Rs. Crores) | % |  |  | % |  | %, |  |  |  | (In Rs.) | (Rs. Crores) | % |  |  | % |  | %,* Impact Cost for CNX Nifty is the weightage average impact cost |  |  |  |  |  |  |  |  |  |  | 
nifty50_jan15.csv,71,2,3,False,12,Sr. No | Security Symbol | Security Name | Industry | Equity Capital (In Rs.) | Free Float Market Capitalisation (Rs. Crores) | Weightage (%) | Beta | R2 | Volatility (%) | Monthly Return | Avg. Impact Cost (%),1 | ACC | ACC Ltd. | CEMENT AND CEMENT PRODUCTS | 1881915760 | 14596 | 0.49 | 1.22 | 0.38 | 1.5 | 11.45 | 0.06,1 | ACC | ACC Ltd. | CEMENT AND CEMENT PRODUCTS | 1881915760 | 14596 | 0.49 | 1.22 | 0.38 | 1.5 | 11.45 | 0.06,* Impact Cost for CNX Nifty is the weightage average impact cost |  |  |  |  |  |  |  |  |  |  | 
nifty50_jan16.csv,70,2,3,False,12,Sr. No | Security Symbol | Security Name | Industry | Equity Capital (In Rs.) | Free Float Market Capitalisation (Rs. Crores) | Weightage (%) | Beta | R2 | Volatility (%) | Monthly Return | Avg. Impact Cost (%),1 | ACC | ACC Ltd. | CEMENT AND CEMENT PRODUCTS | 1881915760 | 11599.18 | 0.43 | 0.83 | 0.32 | 1.29 | -8.86 | 0.03,1 | ACC | ACC Ltd. | CEMENT AND CEMENT PRODUCTS | 1881915760 | 11599.18 | 0.43 | 0.83 | 0.32 | 1.29 | -8.86 | 0.03,* Impact Cost for Nifty 50 is the weightage average impact cost |  |  |  |  |  |  |  |  |  |  | 
nifty50_jan17.csv,71,2,3,False,12,Sr. No | Security Symbol | Security Name | Industry | Equity Capital (In Rs.) | Free Float Market Capitalisation (Rs. Crores) | Weightage (%) | Beta | R2 | Volatility (%) | Monthly Return | Avg. Impact Cost (%),1 | ACC | ACC Ltd. | CEMENT AND CEMENT PRODUCTS | 1877871730 | 13271.86 | 0.42 | 0.98 | 0.36 | 1.38 | 6.19 | 0.03,1 | ACC | ACC Ltd. | CEMENT AND CEMENT PRODUCTS | 1877871730 | 13271.86 | 0.42 | 0.98 | 0.36 | 1.38 | 6.19 | 0.03,* Impact Cost for Nifty 50 is the weightage average impact cost |  |  |  |  |  |  |  |  |  |  | 
nifty50_jan18.csv,70,2,3,False,12,Sr. No | Security Symbol | Security Name | Industry | Equity Capital (In Rs.) | Free Float Market Capitalisation (Rs. Crores) | Weightage (%) | Beta | R2 | Volatility (%) | Monthly Return | Avg. Impact Cost (%),1 | ADANIPORTS | Adani Ports and Special Economic Zone Ltd. | SHIPPING | 4141903522 | 32860.72 | 0.77 | 1.41 | 0.21 | 1.88 | 5.72 | 0.03,1 | ADANIPORTS | Adani Ports and Special Economic Zone Ltd. | SHIPPING | 4141903522 | 32860.72 | 0.77 | 1.41 | 0.21 | 1.88 | 5.72 | 0.03,* Impact Cost for Nifty 50 is the weightage average impact cost |  |  |  |  |  |  |  |  |  |  | 
nifty50_jan19.csv,70,2,3,False,12,Sr. No | Security Symbol | Security Name | Industry | Equity Capital (In Rs.) | Free Float Market Capitalisation (Rs. Crores) | Weightage (%) | Beta | R2 | Volatility (%) | Monthly Return | Avg. Impact Cost (%),1 | ADANIPORTS | Adani Ports and Special Economic Zone Ltd. | SHIPPING | 4141903522 | 26650.46 | 0.62 | 1.46 | 0.31 | 3.28 | -12.65 | 0.03,1 | ADANIPORTS | Adani Ports and Special Economic Zone Ltd. | SHIPPING | 4141903522 | 26650.46 | 0.62 | 1.46 | 0.31 | 3.28 | -12.65 | 0.03,* Impact Cost for Nifty 50 is the weightage average impact cost |  |  |  |  |  |  |  |  |  |  | 
nifty50_jan20.csv,70,2,3,False,12,Sr. No | Security Symbol | Security Name | Industry | Equity Capital (In Rs.) | Free Float Market Capitalisation (Rs. Crores) | Weightage (%) | Beta | R2 | Volatility (%) | Monthly Return | Avg. Impact Cost (%),1 | ADANIPORTS | Adani Ports and Special Economic Zone Ltd. | SHIPPING | 4063503522 | 28520.11 | 0.58 | 1.14 | 0.28 | 1.37 | 0.93 | 0.03,1 | ADANIPORTS | Adani Ports and Special Economic Zone Ltd. | SHIPPING | 4063503522 | 28520.11 | 0.58 | 1.14 | 0.28 | 1.37 | 0.93 | 0.03,* Impact Cost for Nifty 50 is the weightage average impact cost |  |  |  |  |  |  |  |  |  |  | 
nifty50_jan21.csv,70,2,3,False,12,Sr. No | Security Symbol | Security Name | Industry | Equity Capital (In Rs.) | Free Float Market Capitalisation (Rs. Crores) | Weightage (%) | Beta | R2 | Volatility (%) | Monthly Return | Avg. Impact Cost (%),1 | ADANIPORTS | Adani Ports and Special Economic Zone Ltd. | SHIPPING | 4063503522 | 37281.02 | 0.63 | 0.93 | 0.42 | 2.43 | 5.36 | 0.03,1 | ADANIPORTS | Adani Ports and Special Economic Zone Ltd. | SHIPPING | 4063503522 | 37281.02 | 0.63 | 0.93 | 0.42 | 2.43 | 5.36 | 0.03,* Impact Cost for Nifty 50 is the weightage average impact cost |  |  |  |  |  |  |  |  |  |  | 
nifty50_jan22.csv,70,2,3,False,12,Sr. No | Security Symbol | Security Name | Industry | Equity Capital (In Rs.) | Free Float Market Capitalisation (Rs. Crores) | Weightage (%) | Beta | R2 | Volatility (%) | Monthly Return | Avg. Impact Cost (%),1 | ADANIPORTS | Adani Ports and Special Economic Zone Ltd. | PORT | 4083503522 | 52650.24 | 0.69 | 1.34 | 0.27 | 1.59 | -1.92 | 0.03,1 | ADANIPORTS | Adani Ports and Special Economic Zone Ltd. | PORT | 4083503522 | 52650.24 | 0.69 | 1.34 | 0.27 | 1.59 | -1.92 | 0.03,* Impact Cost for Nifty 50 is the weightage average impact cost |  |  |  |  |  |  |  |  |  |  | 
nifty50_jan23.csv,70,2,3,False,12,Sr. No | Security Symbol | Security Name | Industry | Equity Capital (In Rs.) | Free Float Market Capitalisation (Rs. Crores) | Weightage (%) | Beta | R2 | Volatility (%) | Monthly Return | Avg. Impact Cost (%),1 | ADANIENT | Adani Enterprises Ltd. | TRADING - MINERALS/ MINING | 1140001121 | 81365.98 | 1.04 | 1.48 | 0.36 | 4.40 | -22.92 | 0.02,1 | ADANIENT | Adani Enterprises Ltd. | TRADING - MINERALS/ MINING | 1140001121 | 81365.98 | 1.04 | 1.48 | 0.36 | 4.40 | -22.92 | 0.02,* Impact Cost for Nifty 50 is the weightage average impact cost |  |  |  |  |  |  |  |  |  |  | 
nifty50_jan24.csv,70,2,3,False,12,Sr. No | Security Symbol | Security Name | Industry | Equity Capital (In Rs.) | Free Float Market Capitalisation (Rs. Crores) | Weightage (%) | Beta | R2 | Volatility (%) | Monthly Return | Avg. Impact Cost (%),1 | ADANIENT | Adani Enterprises Ltd. | TRADING - MINERALS/ MINING | 1140001121 | 82383.32 | 0.87 | 2.46 | 0.11 | 1.99 | 10.29 | 0.02,1 | ADANIENT | Adani Enterprises Ltd. | TRADING - MINERALS/ MINING | 1140001121 | 82383.32 | 0.87 | 2.46 | 0.11 | 1.99 | 10.29 | 0.02,* Impact Cost for Nifty 50 is the weightage average impact cost |  |  |  |  |  |  |  |  |  |  | 
nifty50_jan25.csv,71,2,3,False,12,Sr. No | Security Symbol | Security Name | Industry | Equity Capital (In Rs.) | Index Market Capitalisation (Rs. Crores) | Weightage (%) | Beta | R2 | Volatility (%) | Monthly Return | Avg. Impact Cost (%),1 | ADANIENT | Adani Enterprises Ltd. | TRADING - MINERALS/ MINING | 1154180729 | 56885.56654 | 0.54 | 2.02 | 0.38 | 2.70 | -9.52 | 0.02,1 | ADANIENT | Adani Enterprises Ltd. | TRADING - MINERALS/ MINING | 1154180729 | 56885.56654 | 0.54 | 2.02 | 0.38 | 2.70 | -9.52 | 0.02,* Impact Cost for Nifty 50 is the weightage average impact cost |  |  |  |  |  |  |  |  |  |  | 
nifty50_jan26.csv,69,2,3,False,12,Sr. No | Security Symbol | Security Name | Basic Industry | Equity Capital (In Rs.) | Index Market Capitalisation (Rs. Crores) | Weightage (%) | Beta | R2 | Volatility (%) | Monthly Return | Avg. Impact Cost (%),1 | ADANIENT | Adani Enterprises Ltd. | Trading - Minerals | 1154180729 | 52476.76 | 0.46 | 1.66 | 0.37 | 3.01 | -9.79 | 0.02,1 | ADANIENT | Adani Enterprises Ltd. | Trading - Minerals | 1154180729 | 52476.76 | 0.46 | 1.66 | 0.37 | 3.01 | -9.79 | 0.02,*Last day of trading was 30-Jan-2026 |  |  |  |  |  |  |  |  |  |  | 
nifty50_jul08.csv,82,5,6,False,11,Sr. No | Security Symbol | Industry | Equity | Market Capitalisation as on 31-07-2008 | Weightage | Beta | R2 | Volatility | Monthly Return | Avg. Impact Cost July 08, |  |  |  | (Rs. Crores) | % |  |  | % |  | %, |  |  |  | (Rs. Crores) | % |  |  | % |  | %,* Impact Cost for S&P CNX Nifty is the weightage average impact cost |  |  |  |  |  |  | 
nifty50_jul09.csv,79,2,3,False,12,Sr. No | Security Symbol | Security Name | Industry | Equity Capital | Free Float Market Capitalisation for July 2009 | Weightage | Beta | R2 | Volatility | Monthly Return | Avg. Impact Cost July 2009, |  |  |  | (In Rs.) | (Rs. Crores) | % |  |  | % |  | %, |  |  |  | (In Rs.) | (Rs. Crores) | % |  |  | % |  | %,* Impact Cost for S&P CNX Nifty is the weightage average impact cost |  |  |  |  |  |  |  | 
nifty50_jul10.csv,71,2,3,False,12,Sr. No | Security Symbol | Security Name | Industry | Equity Capital | Free Float Market Capitalisation for Dec. 2010 | Weightage | Beta | R2 | Volatility | Monthly Return | Avg. Impact Cost Jul. 2010, |  |  |  | (In Rs.) | (Rs. Crores) | % |  |  | % |  | %, |  |  |  | (In Rs.) | (Rs. Crores) | % |  |  | % |  | %,� ^ FF MCAP = Free- Float market capitalisation
nifty50_jul11.csv,71,2,3,False,13,Sr. No | Security Symbol | Security Name | Industry | Equity Capital | Free Float Market Capitalisation for July. 2011 | Weightage | Beta | R2 | Volatility | Monthly Return | Avg. Impact Cost July 2011 | , |  |  |  | (In Rs.) | (Rs. Crores) | % |  |  | % |  | % | , |  |  |  | (In Rs.) | (Rs. Crores) | % |  |  | % |  | % | ,* Impact Cost for S&P CNX Nifty is the weightage average impact cost |  |  |  |  |  |  |  |  |  |  |  | 
nifty50_jul12.csv,71,2,3,False,12,Sr. No | Security Symbol | Security Name | Industry | Equity Capital | Free Float Market Capitalisation for July 2012 | Weightage | Beta | R2 | Volatility | Monthly Return | Avg. Impact Cost July 2012, |  |  |  | (In Rs.) | (Rs. Crores) | % |  |  | % |  | %, |  |  |  | (In Rs.) | (Rs. Crores) | % |  |  | % |  | %,* Impact Cost for S&P CNX Nifty is the weightage average impact cost |  |  |  |  |  |  |  |  |  |  | 
nifty50_jul13.csv,71,2,3,False,12,Sr. No | Security Symbol | Security Name | Industry | Equity Capital | Free Float Market Capitalisation for July 2013 | Weightage | Beta | R2 | Volatility | Monthly Return | Avg. Impact Cost July 2013, |  |  |  | (In Rs.) | (Rs. Crores) | % |  |  | % |  | %, |  |  |  | (In Rs.) | (Rs. Crores) | % |  |  | % |  | %,* Impact Cost for CNX Nifty is the weightage average impact cost |  |  |  |  |  |  |  |  |  |  | 
nifty50_jul14.csv,72,2,3,False,12,Sr. No | Security Symbol | Security Name | Industry | Equity Capital | Free Float Market Capitalisation for May 2014 | Weightage | Beta | R2 | Volatility | Monthly Return | Avg. Impact Cost July 2014, |  |  |  | (In Rs.) | (Rs. Crores) | % |  |  | % |  | %, |  |  |  | (In Rs.) | (Rs. Crores) | % |  |  | % |  | %,* Impact Cost for CNX Nifty is the weightage average impact cost |  |  |  |  |  |  |  |  |  |  | 
nifty50_jul15.csv,70,2,3,False,12,Sr. No | Security Symbol | Security Name | Industry | Equity Capital (In Rs.) | Free Float Market Capitalisation (Rs. Crores) | Weightage (%) | Beta | R2 | Volatility (%) | Monthly Return | Avg. Impact Cost (%),1 | ACC | ACC Ltd. | CEMENT AND CEMENT PRODUCTS | 1881915760 | 12977.46 | 0.43 | 1.06 | 0.36 | 1.25 | -3.96 | 0.05,1 | ACC | ACC Ltd. | CEMENT AND CEMENT PRODUCTS | 1881915760 | 12977.46 | 0.43 | 1.06 | 0.36 | 1.25 | -3.96 | 0.05,* Impact Cost for CNX Nifty is the weightage average impact cost |  |  |  |  |  |  |  |  |  |  | 
nifty50_jul16.csv,71,2,3,False,12,Sr. No | Security Symbol | Security Name | Industry | Equity Capital (In Rs.) | Free Float Market Capitalisation (Rs. Crores) | Weightage (%) | Beta | R2 | Volatility (%) | Monthly Return | Avg. Impact Cost (%),1 | ACC | ACC Ltd. | CEMENT AND CEMENT PRODUCTS | 1881915760 | 15889.96 | 0.50 | 0.69 | 0.29 | 1.33 | 4.50 | 0.02,1 | ACC | ACC Ltd. | CEMENT AND CEMENT PRODUCTS | 1881915760 | 15889.96 | 0.50 | 0.69 | 0.29 | 1.33 | 4.50 | 0.02,* Impact Cost for Nifty 50 is the weightage average impact cost |  |  |  |  |  |  |  |  |  |  | 
nifty50_jul17.csv,71,2,3,False,12,Sr. No | Security Symbol | Security Name | Industry | Equity Capital (In Rs.) | Free Float Market Capitalisation (Rs. Crores) | Weightage (%) | Beta | R2 | Volatility (%) | Monthly Return | Avg. Impact Cost (%),1 | ACC | ACC Ltd. | CEMENT AND CEMENT PRODUCTS | 1877871730 | 14646.27 | 0.38 | 1.3 | 0.35 | 1.22 | 10.53 | 0.02,1 | ACC | ACC Ltd. | CEMENT AND CEMENT PRODUCTS | 1877871730 | 14646.27 | 0.38 | 1.3 | 0.35 | 1.22 | 10.53 | 0.02,* Impact Cost for Nifty 50 is the weightage average impact cost |  |  |  |  |  |  |  |  |  |  | 
nifty50_jul18.csv,70,2,3,False,12,Sr. No | Security Symbol | Security Name | Industry | Equity Capital (In Rs.) | Free Float Market Capitalisation (Rs. Crores) | Weightage (%) | Beta | R2 | Volatility (%) | Monthly Return | Avg. Impact Cost (%),1 | ADANIPORTS | Adani Ports and Special Economic Zone Ltd. | SHIPPING | 4141903522 | 28147.34 | 0.63 | 1.41 | 0.30 | 1.56 | 7.13 | 0.03,1 | ADANIPORTS | Adani Ports and Special Economic Zone Ltd. | SHIPPING | 4141903522 | 28147.34 | 0.63 | 1.41 | 0.30 | 1.56 | 7.13 | 0.03,* Impact Cost for Nifty 50 is the weightage average impact cost |  |  |  |  |  |  |  |  |  |  | 
nifty50_jul19.csv,70,2,3,False,12,Sr. No | Security Symbol | Security Name | Industry | Equity Capital (In Rs.) | Free Float Market Capitalisation (Rs. Crores) | Weightage (%) | Beta | R2 | Volatility (%) | Monthly Return | Avg. Impact Cost (%),1 | ADANIPORTS | Adani Ports and Special Economic Zone Ltd. | SHIPPING | 4141903522 | 29711.74 | 0.66 | 1.32 | 0.25 | 1.59 | -7.96 | 0.03,1 | ADANIPORTS | Adani Ports and Special Economic Zone Ltd. | SHIPPING | 4141903522 | 29711.74 | 0.66 | 1.32 | 0.25 | 1.59 | -7.96 | 0.03,* Impact Cost for Nifty 50 is the weightage average impact cost |  |  |  |  |  |  |  |  |  |  | 
nifty50_jul20.csv,70,2,3,False,12,Sr. No | Security Symbol | Security Name | Industry | Equity Capital (In Rs.) | Free Float Market Capitalisation (Rs. Crores) | Weightage (%) | Beta | R2 | Volatility (%) | Monthly Return | Avg. Impact Cost (%),1 | ADANIPORTS | Adani Ports and Special Economic Zone Ltd. | SHIPPING | 4063503522 | 23695.10 | 0.51 | 0.93 | 0.47 | 1.77 | -8.35 | 0.03,1 | ADANIPORTS | Adani Ports and Special Economic Zone Ltd. | SHIPPING | 4063503522 | 23695.10 | 0.51 | 0.93 | 0.47 | 1.77 | -8.35 | 0.03,* Impact Cost for Nifty 50 is the weightage average impact cost |  |  |  |  |  |  |  |  |  |  | 
nifty50_jul21.csv,70,2,3,False,12,Sr. No | Security Symbol | Security Name | Industry | Equity Capital (In Rs.) | Free Float Market Capitalisation (Rs. Crores) | Weightage (%) | Beta | R2 | Volatility (%) | Monthly Return | Avg. Impact Cost (%),1 | ADANIPORTS | Adani Ports and Special Economic Zone Ltd. | PORT | 4083503522 | 49577.82 | 0.73 | 1.18 | 0.22 | 1.50 | -4.15 | 0.03,1 | ADANIPORTS | Adani Ports and Special Economic Zone Ltd. | PORT | 4083503522 | 49577.82 | 0.73 | 1.18 | 0.22 | 1.50 | -4.15 | 0.03,* Impact Cost for Nifty 50 is the weightage average impact cost |  |  |  |  |  |  |  |  |  |  | 
nifty50_jul22.csv,70,2,3,False,12,Sr. No | Security Symbol | Security Name | Industry | Equity Capital (In Rs.) | Free Float Market Capitalisation (Rs. Crores) | Weightage (%) | Beta | R2 | Volatility (%) | Monthly Return | Avg. Impact Cost (%),1 | ADANIPORTS | Adani Ports and Special Economic Zone Ltd. | PORT | 4224746460 | 54849.46 | 0.73 | 1.41 | 0.53 | 0.90 | 13.64 | 0.02,1 | ADANIPORTS | Adani Ports and Special Economic Zone Ltd. | PORT | 4224746460 | 54849.46 | 0.73 | 1.41 | 0.53 | 0.90 | 13.64 | 0.02,* Impact Cost for Nifty 50 is the weightage average impact cost |  |  |  |  |  |  |  |  |  |  | 
nifty50_jul23.csv,72,2,3,False,12,Sr. No | Security Symbol | Security Name | Industry | Equity Capital (In Rs.) | Free Float Market Capitalisation (Rs. Crores) | Weightage (%) | Beta | R2 | Volatility (%) | Monthly Return | Avg. Impact Cost (%),1 | ADANIENT | Adani Enterprises Ltd. | TRADING - MINERALS/ MINING | 1140001121 | 76709.99 | 0.88 | 2.22 | 0.11 | 0.94 | 4.36 | 0.02,1 | ADANIENT | Adani Enterprises Ltd. | TRADING - MINERALS/ MINING | 1140001121 | 76709.99 | 0.88 | 2.22 | 0.11 | 0.94 | 4.36 | 0.02,* Impact Cost for Nifty 50 is the weightage average impact cost |  |  |  |  |  |  |  |  |  |  | 
nifty50_jul24.csv,70,2,3,False,12,Sr. No | Security Symbol | Security Name | Industry | Equity Capital (In Rs.) | Free Float Market Capitalisation (Rs. Crores) | Weightage (%) | Beta | R2 | Volatility (%) | Monthly Return | Avg. Impact Cost (%),1 | ADANIENT | Adani Enterprises Ltd. | TRADING - MINERALS/ MINING | 1140001121 | 83101.75 | 0.75 | 2.08 | 0.40 | 1.22 | -0.24 | 0.02,1 | ADANIENT | Adani Enterprises Ltd. | TRADING - MINERALS/ MINING | 1140001121 | 83101.75 | 0.75 | 2.08 | 0.40 | 1.22 | -0.24 | 0.02,* Impact Cost for Nifty 50 is the weightage average impact cost |  |  |  |  |  |  |  |  |  |  | 
nifty50_jul25.csv,68,2,3,False,12,Sr. No | Security Symbol | Security Name | Industry | Equity Capital (In Rs.) | Index Market Capitalisation (Rs. Crores) | Weightage (%) | Beta | R2 | Volatility (%) | Monthly Return | Avg. Impact Cost (%),1 | ADANIENT | Adani Enterprises Ltd. | TRADING - MINERALS/ MINING | 1154180729 | 63138.43977 | 0.56404662 | 1.57251807 | 0.27051661 | 1.13868437 | -7.20393983 | 0.02,1 | ADANIENT | Adani Enterprises Ltd. | TRADING - MINERALS/ MINING | 1154180729 | 63138.43977 | 0.56404662 | 1.57251807 | 0.27051661 | 1.13868437 | -7.20393983 | 0.02,*Last day of trading was 31-Jul-2025 |  |  |  |  |  |  |  |  |  |  | 
nifty50_jun08.csv,82,5,6,False,11,Sr. No | Security Symbol | Industry | Equity | Market Capitalisation as on 30-06-2008 | Weightage | Beta | R2 | Volatility | Monthly Return | Avg. Impact Cost June 08, |  |  |  | (Rs. Crores) | % |  |  | % |  | %, |  |  |  | (Rs. Crores) | % |  |  | % |  | %,* Impact Cost for S&P CNX Nifty is the weightage average impact cost |  |  |  |  |  |  | 
nifty50_jun09.csv,72,2,3,False,12,Sr. No | Security Symbol | Security Name | Industry | Equity Capital | Free Float Market Capitalisation for June 2009 | Weightage | Beta | R2 | Volatility | Monthly Return | Avg. Impact Cost June 2009, |  |  |  | (In Rs.) | (Rs. Crores) | % |  |  | % |  | %, |  |  |  | (In Rs.) | (Rs. Crores) | % |  |  | % |  | %,* Impact Cost for S&P CNX Nifty is the weightage average impact cost
nifty50_jun10.csv,71,2,3,False,12,Sr. No | Security Symbol | Security Name | Industry | Equity Capital | Free Float Market Capitalisation for June 2010 | Weightage | Beta | R2 | Volatility | Monthly Return | Avg. Impact Cost June 2010, |  |  |  | (In Rs.) | (Rs. Crores) | % |  |  | % |  | %, |  |  |  | (In Rs.) | (Rs. Crores) | % |  |  | % |  | %,* Impact Cost for S&P CNX Nifty is the weightage average impact cost |  |  |  |  |  |  |  |  |  |  | 
nifty50_jun11.csv,71,2,3,False,12,Sr. No | Security Symbol | Security Name | Industry | Equity Capital | Free Float Market Capitalisation for June. 2011 | Weightage | Beta | R2 | Volatility | Monthly Return | Avg. Impact Cost June 2011, |  |  |  | (In Rs.) | (Rs. Crores) | % |  |  | % |  | %, |  |  |  | (In Rs.) | (Rs. Crores) | % |  |  | % |  | %,* Impact Cost for S&P CNX Nifty is the weightage average impact cost |  |  |  |  |  |  |  |  |  |  | 
nifty50_jun12.csv,71,2,3,False,12,Sr. No | Security Symbol | Security Name | Industry | Equity Capital | Free Float Market Capitalisation for June 2012 | Weightage | Beta | R2 | Volatility | Monthly Return | Avg. Impact Cost June 2012, |  |  |  | (In Rs.) | (Rs. Crores) | % |  |  | % |  | %, |  |  |  | (In Rs.) | (Rs. Crores) | % |  |  | % |  | %,* Impact Cost for S&P CNX Nifty is the weightage average impact cost |  |  |  |  |  |  |  |  |  |  | 
nifty50_jun13.csv,71,2,3,False,12,Sr. No | Security Symbol | Security Name | Industry | Equity Capital | Free Float Market Capitalisation for June 2013 | Weightage | Beta | R2 | Volatility | Monthly Return | Avg. Impact Cost June 2013, |  |  |  | (In Rs.) | (Rs. Crores) | % |  |  | % |  | %, |  |  |  | (In Rs.) | (Rs. Crores) | % |  |  | % |  | %,* Impact Cost for CNX Nifty is the weightage average impact cost |  |  |  |  |  |  |  |  |  |  | 
nifty50_jun14.csv,72,2,3,False,12,Sr. No | Security Symbol | Security Name | Industry | Equity Capital | Free Float Market Capitalisation for May 2014 | Weightage | Beta | R2 | Volatility | Monthly Return | Avg. Impact Cost June 2014, |  |  |  | (In Rs.) | (Rs. Crores) | % |  |  | % |  | %, |  |  |  | (In Rs.) | (Rs. Crores) | % |  |  | % |  | %,* Impact Cost for CNX Nifty is the weightage average impact cost |  |  |  |  |  |  |  |  |  |  | 
nifty50_jun15.csv,70,2,3,False,12,Sr. No | Security Symbol | Security Name | Industry | Equity Capital (In Rs.) | Free Float Market Capitalisation (Rs. Crores) | Weightage (%) | Beta | R2 | Volatility (%) | Monthly Return | Avg. Impact Cost (%),1 | ACC | ACC Ltd. | CEMENT AND CEMENT PRODUCTS | 1881915760 | 13512.03 | 0.46 | 1.06 | 0.35 | 1.38 | -4.49 | 0.06,1 | ACC | ACC Ltd. | CEMENT AND CEMENT PRODUCTS | 1881915760 | 13512.03 | 0.46 | 1.06 | 0.35 | 1.38 | -4.49 | 0.06,* Impact Cost for CNX Nifty is the weightage average impact cost |  |  |  |  |  |  |  |  |  |  | 
nifty50_jun16.csv,71,2,3,False,12,Sr. No | Security Symbol | Security Name | Industry | Equity Capital (In Rs.) | Free Float Market Capitalisation (Rs. Crores) | Weightage (%) | Beta | R2 | Volatility (%) | Monthly Return | Avg. Impact Cost (%),1 | ACC | ACC Ltd. | CEMENT AND CEMENT PRODUCTS | 1881915760 | 15206.35 | 0.5 | 0.72 | 0.33 | 0.85 | 5.69 | 0.02,1 | ACC | ACC Ltd. | CEMENT AND CEMENT PRODUCTS | 1881915760 | 15206.35 | 0.5 | 0.72 | 0.33 | 0.85 | 5.69 | 0.02,* Impact Cost for Nifty 50 is the weightage average impact cost |  |  |  |  |  |  |  |  |  |  | 
nifty50_jun17.csv,71,2,3,False,12,Sr. No | Security Symbol | Security Name | Industry | Equity Capital (In Rs.) | Free Float Market Capitalisation (Rs. Crores) | Weightage (%) | Beta | R2 | Volatility (%) | Monthly Return | Avg. Impact Cost (%),1 | ACC | ACC Ltd. | CEMENT AND CEMENT PRODUCTS | 1877871730 | 13250.69 | 0.37 | 1.27 | 0.34 | 1.14 | -4.21 | 0.02,1 | ACC | ACC Ltd. | CEMENT AND CEMENT PRODUCTS | 1877871730 | 13250.69 | 0.37 | 1.27 | 0.34 | 1.14 | -4.21 | 0.02,* Impact Cost for Nifty 50 is the weightage average impact cost |  |  |  |  |  |  |  |  |  |  | 
nifty50_jun18.csv,70,2,3,False,12,Sr. No | Security Symbol | Security Name | Industry | Equity Capital (In Rs.) | Free Float Market Capitalisation (Rs. Crores) | Weightage (%) | Beta | R2 | Volatility (%) | Monthly Return | Avg. Impact Cost (%),1 | ADANIPORTS | Adani Ports and Special Economic Zone Ltd. | SHIPPING | 4141903522 | 26274.37 | 0.62 | 1.39 | 0.31 | 1.34 | -4.84508479 | 0.03,1 | ADANIPORTS | Adani Ports and Special Economic Zone Ltd. | SHIPPING | 4141903522 | 26274.37 | 0.62 | 1.39 | 0.31 | 1.34 | -4.84508479 | 0.03,* Impact Cost for Nifty 50 is the weightage average impact cost |  |  |  |  |  |  |  |  |  |  | 
nifty50_jun19.csv,70,2,3,False,12,Sr. No | Security Symbol | Security Name | Industry | Equity Capital (In Rs.) | Free Float Market Capitalisation (Rs. Crores) | Weightage (%) | Beta | R2 | Volatility (%) | Monthly Return | Avg. Impact Cost (%),1 | ADANIPORTS | Adani Ports and Special Economic Zone Ltd. | SHIPPING | 4141903522 | 32281.17 | 0.67 | 1.32 | 0.24 | 1.25 | -1.49 | 0.03,1 | ADANIPORTS | Adani Ports and Special Economic Zone Ltd. | SHIPPING | 4141903522 | 32281.17 | 0.67 | 1.32 | 0.24 | 1.25 | -1.49 | 0.03,* Impact Cost for Nifty 50 is the weightage average impact cost |  |  |  |  |  |  |  |  |  |  | 
nifty50_jun20.csv,70,2,3,False,12,Sr. No | Security Symbol | Security Name | Industry | Equity Capital (In Rs.) | Free Float Market Capitalisation (Rs. Crores) | Weightage (%) | Beta | R2 | Volatility (%) | Monthly Return | Avg. Impact Cost (%),1 | ADANIPORTS | Adani Ports and Special Economic Zone Ltd. | SHIPPING | 4063503522 | 25852.62 | 0.60 | 0.94 | 0.48 | 1.29 | 6.21 | 0.04,1 | ADANIPORTS | Adani Ports and Special Economic Zone Ltd. | SHIPPING | 4063503522 | 25852.62 | 0.60 | 0.94 | 0.48 | 1.29 | 6.21 | 0.04,* Impact Cost for Nifty 50 is the weightage average impact cost |  |  |  |  |  |  |  |  |  |  | 
nifty50_jun21.csv,70,2,3,False,12,Sr. No | Security Symbol | Security Name | Industry | Equity Capital (In Rs.) | Free Float Market Capitalisation (Rs. Crores) | Weightage (%) | Beta | R2 | Volatility (%) | Monthly Return | Avg. Impact Cost (%),1 | ADANIPORTS | Adani Ports and Special Economic Zone Ltd. | PORT | 4083503522 | 51724.11 | 0.76 | 1.16 | 0.22 | 3.99 | -8.56 | 0.04,1 | ADANIPORTS | Adani Ports and Special Economic Zone Ltd. | PORT | 4083503522 | 51724.11 | 0.76 | 1.16 | 0.22 | 3.99 | -8.56 | 0.04,* Impact Cost for Nifty 50 is the weightage average impact cost |  |  |  |  |  |  |  |  |  |  | 
nifty50_jun22.csv,70,2,3,False,12,Sr. No | Security Symbol | Security Name | Industry | Equity Capital (In Rs.) | Free Float Market Capitalisation (Rs. Crores) | Weightage (%) | Beta | R2 | Volatility (%) | Monthly Return | Avg. Impact Cost (%),1 | ADANIPORTS | Adani Ports and Special Economic Zone Ltd. | PORT | 4224746460 | 48267.09 | 0.70 | 1.44 | 0.52 | 1.77 | -9.16 | 0.03,1 | ADANIPORTS | Adani Ports and Special Economic Zone Ltd. | PORT | 4224746460 | 48267.09 | 0.70 | 1.44 | 0.52 | 1.77 | -9.16 | 0.03,* Impact Cost for Nifty 50 is the weightage average impact cost |  |  |  |  |  |  |  |  |  |  | 
nifty50_jun23.csv,70,2,3,False,12,Sr. No | Security Symbol | Security Name | Industry | Equity Capital (In Rs.) | Free Float Market Capitalisation (Rs. Crores) | Weightage (%) | Beta | R2 | Volatility (%) | Monthly Return | Avg. Impact Cost (%),1 | ADANIENT | Adani Enterprises Ltd. | TRADING - MINERALS/ MINING | 1140001121 | 73504.25 | 0.87 | 2.07 | 0.11 | 2.29 | -4.22 | 0.02,1 | ADANIENT | Adani Enterprises Ltd. | TRADING - MINERALS/ MINING | 1140001121 | 73504.25 | 0.87 | 2.07 | 0.11 | 2.29 | -4.22 | 0.02,* Impact Cost for Nifty 50 is the weightage average impact cost |  |  |  |  |  |  |  |  |  |  | 
nifty50_jun24.csv,70,2,3,False,12,Sr. No | Security Symbol | Security Name | Industry | Equity Capital (In Rs.) | Free Float Market Capitalisation (Rs. Crores) | Weightage (%) | Beta | R2 | Volatility (%) | Monthly Return | Avg. Impact Cost (%),1 | ADANIENT | Adani Enterprises Ltd. | TRADING - MINERALS/ MINING | 1140001121 | 83304.95 | 0.78 | 2.04 | 0.39 | 4.98 | -6.87 | 0.08,1 | ADANIENT | Adani Enterprises Ltd. | TRADING - MINERALS/ MINING | 1140001121 | 83304.95 | 0.78 | 2.04 | 0.39 | 4.98 | -6.87 | 0.08,* Impact Cost for Nifty 50 is the weightage average impact cost |  |  |  |  |  |  |  |  |  |  | 
nifty50_jun25.csv,68,2,3,False,12,Sr. No | Security Symbol | Security Name | Industry | Equity Capital (In Rs.) | Index Market Capitalisation (Rs. Crores) | Weightage (%) | Beta | R2 | Volatility (%) | Monthly Return | Avg. Impact Cost (%),1 | ADANIENT | Adani Enterprises Ltd. | TRADING - MINERALS/ MINING | 1154180729 | 68040.00047 | 0.58990307 | 1.57582635 | 0.27464924 | 1.43356708 | 3.94856939 | 0.02,1 | ADANIENT | Adani Enterprises Ltd. | TRADING - MINERALS/ MINING | 1154180729 | 68040.00047 | 0.58990307 | 1.57582635 | 0.27464924 | 1.43356708 | 3.94856939 | 0.02,*Last day of trading was 30-Jun-2025 |  |  |  |  |  |  |  |  |  |  | 
nifty50_jun26.csv,68,2,3,False,12,Sr. No | Security Symbol | Security Name | Basic Industry | Equity Capital (In Rs.) | Index Market Capitalisation (Rs. Crores) | Weightage (%) | Beta | R2 | Volatility (%) | Monthly Return | Avg. Impact Cost (%),1 | ADANIENT | Adani Enterprises Ltd. | Trading - Minerals | 1300905023 | 87364.39 | 0.80 | 1.69 | 0.40 | 1.80 | 3.36 | 0.01,1 | ADANIENT | Adani Enterprises Ltd. | Trading - Minerals | 1300905023 | 87364.39 | 0.80 | 1.69 | 0.40 | 1.80 | 3.36 | 0.01,*Last day of trading was 30-Jun-2026 |  |  |  |  |  |  |  |  |  |  | 
nifty50_mar08.csv,82,5,6,False,11,Sr. No | Security Symbol | Industry | Equity | Market Capitalisation as on 31-03-2008 | Weightage | Beta | R2 | Volatility | Monthly Return | Avg. Impact Cost Mar 08, |  |  |  | (Rs. Crores) | % |  |  | % |  | %, |  |  |  | (Rs. Crores) | % |  |  | % |  | %,* Impact Cost for S&P CNX Nifty is the weightage average impact cost |  |  |  |  |  |  | 
nifty50_mar09.csv,79,2,3,False,12,Sr. No | Security Symbol | Security Name | Industry | Equity | Market Capitalisation for March 2009 | Weightage | Beta | R2 | Volatility | Monthly Return | Avg. Impact Cost March 2009, |  |  |  |  | (Rs. Crores) | % |  |  | % |  | %, |  |  |  |  | (Rs. Crores) | % |  |  | % |  | %,* Impact Cost for S&P CNX Nifty is the weightage average impact cost |  |  |  |  |  |  |  | 
nifty50_mar10.csv,78,2,3,False,12,Sr. No | Security Symbol | Security Name | Industry | Equity Capital | Free Float Market Capitalisation for March 2010 | Weightage | Beta | R2 | Volatility | Monthly Return | Avg. Impact Cost March 2010, |  |  |  | (In Rs.) | (Rs. Crores) | % |  |  | % |  | %, |  |  |  | (In Rs.) | (Rs. Crores) | % |  |  | % |  | %,* Impact Cost for S&P CNX Nifty is the weightage average impact cost |  |  |  |  |  |  |  | 
nifty50_mar11.csv,71,2,3,False,12,Sr. No | Security Symbol | Security Name | Industry | Equity Capital | Free Float Market Capitalisation for Mar. 2011 | Weightage | Beta | R2 | Volatility | Monthly Return | Avg. Impact Cost Mar 2011, |  |  |  | (In Rs.) | (Rs. Crores) | % |  |  | % |  | %, |  |  |  | (In Rs.) | (Rs. Crores) | % |  |  | % |  | %,* Impact Cost for S&P CNX Nifty is the weightage average impact cost |  |  |  |  |  |  |  |  |  |  | 
nifty50_mar12.csv,71,2,3,False,13,Sr. No | Security Symbol | Security Name | Industry | Equity Capital | Free Float Market Capitalisation for March 2012 | Weightage | Beta | R2 | Volatility | Monthly Return | Avg. Impact Cost March 2012 | , |  |  |  | (In Rs.) | (Rs. Crores) | % |  |  | % |  | % | , |  |  |  | (In Rs.) | (Rs. Crores) | % |  |  | % |  | % | ,* Impact Cost for S&P CNX Nifty is the weightage average impact cost |  |  |  |  |  |  |  |  |  |  |  | 
nifty50_mar13.csv,71,2,3,False,12,Sr. No | Security Symbol | Security Name | Industry | Equity Capital | Free Float Market Capitalisation for April 2013 | Weightage | Beta | R2 | Volatility | Monthly Return | Avg. Impact Cost March 2013, |  |  |  | (In Rs.) | (Rs. Crores) | % |  |  | % |  | %, |  |  |  | (In Rs.) | (Rs. Crores) | % |  |  | % |  | %,* Impact Cost for CNX Nifty is the weightage average impact cost |  |  |  |  |  |  |  |  |  |  | 
nifty50_mar14.csv,71,2,3,False,12,Sr. No | Security Symbol | Security Name | Industry | Equity Capital | Free Float Market Capitalisation for March 2014 | Weightage | Beta | R2 | Volatility | Monthly Return | Avg. Impact Cost March 2014, |  |  |  | (In Rs.) | (Rs. Crores) | % |  |  | % |  | %, |  |  |  | (In Rs.) | (Rs. Crores) | % |  |  | % |  | %,* Impact Cost for CNX Nifty is the weightage average impact cost |  |  |  |  |  |  |  |  |  |  | 
nifty50_mar15.csv,70,2,3,False,12,Sr. No | Security Symbol | Security Name | Industry | Equity Capital (In Rs.) | Free Float Market Capitalisation (Rs. Crores) | Weightage (%) | Beta | R2 | Volatility (%) | Monthly Return | Avg. Impact Cost (%),1 | ACC | ACC Ltd. | CEMENT AND CEMENT PRODUCTS | 1881915760 | 14617.65 | 0.50 | 1.11 | 0.35 | 1.69 | -6.87 | 0.07,1 | ACC | ACC Ltd. | CEMENT AND CEMENT PRODUCTS | 1881915760 | 14617.65 | 0.50 | 1.11 | 0.35 | 1.69 | -6.87 | 0.07,* Impact Cost for CNX Nifty is the weightage average impact cost |  |  |  |  |  |  |  |  |  |  | 
nifty50_mar16.csv,70,2,3,False,12,Sr. No | Security Symbol | Security Name | Industry | Equity Capital (In Rs.) | Free Float Market Capitalisation (Rs. Crores) | Weightage (%) | Beta | R2 | Volatility (%) | Monthly Return | Avg. Impact Cost (%),1 | ACC | ACC Ltd. | CEMENT AND CEMENT PRODUCTS | 1881915760 | 13003.10 | 0.47 | 0.82 | 0.36 | 1.58 | 15.75 | 0.03,1 | ACC | ACC Ltd. | CEMENT AND CEMENT PRODUCTS | 1881915760 | 13003.10 | 0.47 | 0.82 | 0.36 | 1.58 | 15.75 | 0.03,* Impact Cost for Nifty 50 is the weightage average impact cost |  |  |  |  |  |  |  |  |  |  | 
nifty50_mar17.csv,71,2,3,False,12,Sr. No | Security Symbol | Security Name | Industry | Equity Capital (In Rs.) | Free Float Market Capitalisation (Rs. Crores) | Weightage (%) | Beta | R2 | Volatility (%) | Monthly Return | Avg. Impact Cost (%),1 | ACC | ACC Ltd. | CEMENT AND CEMENT PRODUCTS | 1877871730 | 12219.73 | 0.36 | 1.04 | 0.33 | 0.81 | 2.45 | 0.02,1 | ACC | ACC Ltd. | CEMENT AND CEMENT PRODUCTS | 1877871730 | 12219.73 | 0.36 | 1.04 | 0.33 | 0.81 | 2.45 | 0.02,* Impact Cost for Nifty 50 is the weightage average impact cost |  |  |  |  |  |  |  |  |  |  | 
nifty50_mar18.csv,70,2,3,False,12,Sr. No | Security Symbol | Security Name | Industry | Equity Capital (In Rs.) | Free Float Market Capitalisation (Rs. Crores) | Weightage (%) | Beta | R2 | Volatility (%) | Monthly Return | Avg. Impact Cost (%),1 | ADANIPORTS | Adani Ports and Special Economic Zone Ltd. | SHIPPING | 4141903522 | 27132.99 | 0.70 | 1.29 | 0.21 | 2.20 | -13.29 | 0.03,1 | ADANIPORTS | Adani Ports and Special Economic Zone Ltd. | SHIPPING | 4141903522 | 27132.99 | 0.70 | 1.29 | 0.21 | 2.20 | -13.29 | 0.03,* Impact Cost for Nifty 50 is the weightage average impact cost |  |  |  |  |  |  |  |  |  |  | 
nifty50_mar19.csv,70,2,3,False,12,Sr. No | Security Symbol | Security Name | Industry | Equity Capital (In Rs.) | Free Float Market Capitalisation (Rs. Crores) | Weightage (%) | Beta | R2 | Volatility (%) | Monthly Return | Avg. Impact Cost (%),1 | ADANIPORTS | Adani Ports and Special Economic Zone Ltd. | SHIPPING | 4141903522 | 29758.96 | 0.64 | 1.39 | 0.25 | 1.47 | 16.05 | 0.03,1 | ADANIPORTS | Adani Ports and Special Economic Zone Ltd. | SHIPPING | 4141903522 | 29758.96 | 0.64 | 1.39 | 0.25 | 1.47 | 16.05 | 0.03,* Impact Cost for Nifty 50 is the weightage average impact cost |  |  |  |  |  |  |  |  |  |  | 
nifty50_mar20.csv,70,2,3,False,12,Sr. No | Security Symbol | Security Name | Industry | Equity Capital (In Rs.) | Free Float Market Capitalisation (Rs. Crores) | Weightage (%) | Beta | R2 | Volatility (%) | Monthly Return | Avg. Impact Cost (%),1 | ADANIPORTS | Adani Ports and Special Economic Zone Ltd. | SHIPPING | 4063503522 | 19402.01 | 0.54 | 1.07 | 0.52 | 6.37 | -26.56 | 0.06,1 | ADANIPORTS | Adani Ports and Special Economic Zone Ltd. | SHIPPING | 4063503522 | 19402.01 | 0.54 | 1.07 | 0.52 | 6.37 | -26.56 | 0.06,* Impact Cost for Nifty 50 is the weightage average impact cost |  |  |  |  |  |  |  |  |  |  | 
nifty50_mar21.csv,70,2,3,False,12,Sr. No | Security Symbol | Security Name | Industry | Equity Capital (In Rs.) | Free Float Market Capitalisation (Rs. Crores) | Weightage (%) | Beta | R2 | Volatility (%) | Monthly Return | Avg. Impact Cost (%),1 | ADANIPORTS | Adani Ports and Special Economic Zone Ltd. | PORT | 4063503522 | 51375.69 | 0.81 | 0.81 | 0.25 | 2.43 | 3.92 | 0.03,1 | ADANIPORTS | Adani Ports and Special Economic Zone Ltd. | PORT | 4063503522 | 51375.69 | 0.81 | 0.81 | 0.25 | 2.43 | 3.92 | 0.03,* Impact Cost for Nifty 50 is the weightage average impact cost |  |  |  |  |  |  |  |  |  |  | 
nifty50_mar22.csv,70,2,3,False,12,Sr. No | Security Symbol | Security Name | Industry | Equity Capital (In Rs.) | Free Float Market Capitalisation (Rs. Crores) | Weightage (%) | Beta | R2 | Volatility (%) | Monthly Return | Avg. Impact Cost (%),1 | ADANIPORTS | Adani Ports and Special Economic Zone Ltd. | PORT | 4224746460 | 55603.58 | 0.73 | 1.44 | 0.33 | 1.57 | 9.43 | 0.03,1 | ADANIPORTS | Adani Ports and Special Economic Zone Ltd. | PORT | 4224746460 | 55603.58 | 0.73 | 1.44 | 0.33 | 1.57 | 9.43 | 0.03,* Impact Cost for Nifty 50 is the weightage average impact cost |  |  |  |  |  |  |  |  |  |  | 
nifty50_mar23.csv,70,2,3,False,12,Sr. No | Security Symbol | Security Name | Industry | Equity Capital (In Rs.) | Free Float Market Capitalisation (Rs. Crores) | Weightage (%) | Beta | R2 | Volatility (%) | Monthly Return | Avg. Impact Cost (%),1 | ADANIENT | Adani Enterprises Ltd. | TRADING - MINERALS/ MINING | 1140001121 | 47892.36 | 0.63 | 1.80 | 0.14 | 6.10 | 28.35 | 0.03,1 | ADANIENT | Adani Enterprises Ltd. | TRADING - MINERALS/ MINING | 1140001121 | 47892.36 | 0.63 | 1.80 | 0.14 | 6.10 | 28.35 | 0.03,* Impact Cost for Nifty 50 is the weightage average impact cost |  |  |  |  |  |  |  |  |  |  | 
nifty50_mar24.csv,70,2,3,False,12,Sr. No | Security Symbol | Security Name | Industry | Equity Capital (In Rs.) | Free Float Market Capitalisation (Rs. Crores) | Weightage (%) | Beta | R2 | Volatility (%) | Monthly Return | Avg. Impact Cost (%),1 | ADANIENT | Adani Enterprises Ltd. | TRADING - MINERALS/ MINING | 1140001121 | 83828.04 | 0.85 | 1.64 | 0.14 | 2.46 | -2.69 | 0.02,1 | ADANIENT | Adani Enterprises Ltd. | TRADING - MINERALS/ MINING | 1140001121 | 83828.04 | 0.85 | 1.64 | 0.14 | 2.46 | -2.69 | 0.02,* Impact Cost for Nifty 50 is the weightage average impact cost |  |  |  |  |  |  |  |  |  |  | 
nifty50_mar25.csv,70,2,3,False,12,Sr. No | Security Symbol | Security Name | Industry | Equity Capital (In Rs.) | Index Market Capitalisation (Rs. Crores) | Weightage (%) | Beta | R2 | Volatility (%) | Monthly Return | Avg. Impact Cost (%),1 | ADANIENT | Adani Enterprises Ltd. | TRADING - MINERALS/ MINING | 1154180729 | 60153.86 | 0.57 | 1.95 | 0.36 | 1.55 | 10.49 | 0.02,1 | ADANIENT | Adani Enterprises Ltd. | TRADING - MINERALS/ MINING | 1154180729 | 60153.86 | 0.57 | 1.95 | 0.36 | 1.55 | 10.49 | 0.02,* Impact Cost for Nifty 50 is the weightage average impact cost |  |  |  |  |  |  |  |  |  |  | 
nifty50_mar26.csv,68,2,3,False,12,Sr. No | Security Symbol | Security Name | Basic Industry | Equity Capital (In Rs.) | Index Market Capitalisation (Rs. Crores) | Weightage (%) | Beta | R2 | Volatility (%) | Monthly Return | Avg. Impact Cost (%),1 | ADANIENT | Adani Enterprises Ltd. | Trading - Minerals | 1154180729 | 45677.03 | 0.45 | 1.70 | 0.47 | 2.08 | -18.64 | 0.02,1 | ADANIENT | Adani Enterprises Ltd. | Trading - Minerals | 1154180729 | 45677.03 | 0.45 | 1.70 | 0.47 | 2.08 | -18.64 | 0.02,*Last day of trading was 30-Mar-2026 |  |  |  |  |  |  |  |  |  |  | 
nifty50_may08.csv,82,5,6,False,11,Sr. No | Security Symbol | Industry | Equity | Market Capitalisation as on 30-05-2008 | Weightage | Beta | R2 | Volatility | Monthly Return | Avg. Impact Cost May 08, |  |  |  | (Rs. Crores) | % |  |  | % |  | %, |  |  |  | (Rs. Crores) | % |  |  | % |  | %,* Impact Cost for S&P CNX Nifty is the weightage average impact cost |  |  |  |  |  |  | 
nifty50_may09.csv,79,2,3,False,12,Sr. No | Security Symbol | Security Name | Industry | Equity | Market Capitalisation for May 2009 | Weightage | Beta | R2 | Volatility | Monthly Return | Avg. Impact Cost May 2009, |  |  |  |  | (Rs. Crores) | % |  |  | % |  | %, |  |  |  |  | (Rs. Crores) | % |  |  | % |  | %,* Impact Cost for S&P CNX Nifty is the weightage average impact cost |  |  |  |  |  |  |  | 
nifty50_may10.csv,71,2,3,False,12,Sr. No | Security Symbol | Security Name | Industry | Equity Capital | Free Float Market Capitalisation for May 2010 | Weightage | Beta | R2 | Volatility | Monthly Return | Avg. Impact Cost May 2010, |  |  |  | (In Rs.) | (Rs. Crores) | % |  |  | % |  | %, |  |  |  | (In Rs.) | (Rs. Crores) | % |  |  | % |  | %,* Impact Cost for S&P CNX Nifty is the weightage average impact cost |  |  |  |  |  |  |  |  |  |  | 
nifty50_may11.csv,71,2,3,False,13,Sr. No | Security Symbol | Security Name | Industry | Equity Capital | Free Float Market Capitalisation for May. 2011 | Weightage | Beta | R2 | Volatility | Monthly Return | Avg. Impact Cost May 2011 | , |  |  |  | (In Rs.) | (Rs. Crores) | % |  |  | % |  | % | , |  |  |  | (In Rs.) | (Rs. Crores) | % |  |  | % |  | % | ,* Impact Cost for S&P CNX Nifty is the weightage average impact cost |  |  |  |  |  |  |  |  |  |  |  | 
nifty50_may12.csv,71,2,3,False,12,Sr. No | Security Symbol | Security Name | Industry | Equity Capital | Free Float Market Capitalisation for May 2012 | Weightage | Beta | R2 | Volatility | Monthly Return | Avg. Impact Cost May 2012, |  |  |  | (In Rs.) | (Rs. Crores) | % |  |  | % |  | %, |  |  |  | (In Rs.) | (Rs. Crores) | % |  |  | % |  | %,* Impact Cost for S&P CNX Nifty is the weightage average impact cost |  |  |  |  |  |  |  |  |  |  | 
nifty50_may13.csv,71,2,3,False,12,Sr. No | Security Symbol | Security Name | Industry | Equity Capital | Free Float Market Capitalisation for May 2013 | Weightage | Beta | R2 | Volatility | Monthly Return | Avg. Impact Cost May 2013, |  |  |  | (In Rs.) | (Rs. Crores) | % |  |  | % |  | %, |  |  |  | (In Rs.) | (Rs. Crores) | % |  |  | % |  | %,* Impact Cost for CNX Nifty is the weightage average impact cost |  |  |  |  |  |  |  |  |  |  | 
nifty50_may14.csv,71,2,3,False,12,Sr. No | Security Symbol | Security Name | Industry | Equity Capital | Free Float Market Capitalisation for May 2014 | Weightage | Beta | R2 | Volatility | Monthly Return | Avg. Impact Cost May 2014, |  |  |  | (In Rs.) | (Rs. Crores) | % |  |  | % |  | %, |  |  |  | (In Rs.) | (Rs. Crores) | % |  |  | % |  | %,* Impact Cost for CNX Nifty is the weightage average impact cost |  |  |  |  |  |  |  |  |  |  | 
nifty50_may15.csv,70,2,3,False,12,Sr. No | Security Symbol | Security Name | Industry | Equity Capital (In Rs.) | Free Float Market Capitalisation (Rs. Crores) | Weightage (%) | Beta | R2 | Volatility (%) | Monthly Return | Avg. Impact Cost (%),1 | ACC | ACC Ltd. | CEMENT AND CEMENT PRODUCTS | 1881915760 | 14146.69 | 0.47 | 1.11 | 0.36 | 1.98 | 5.49 | 0.06,1 | ACC | ACC Ltd. | CEMENT AND CEMENT PRODUCTS | 1881915760 | 14146.69 | 0.47 | 1.11 | 0.36 | 1.98 | 5.49 | 0.06,* Impact Cost for CNX Nifty is the weightage average impact cost |  |  |  |  |  |  |  |  |  |  | 
nifty50_may16.csv,71,2,3,False,12,Sr. No | Security Symbol | Security Name | Industry | Equity Capital (In Rs.) | Free Float Market Capitalisation (Rs. Crores) | Weightage (%) | Beta | R2 | Volatility (%) | Monthly Return | Avg. Impact Cost (%),1 | ACC | ACC Ltd. | CEMENT AND CEMENT PRODUCTS | 1881915760 | 14387.72 | 0.48 | 0.74 | 0.34 | 1.26 | 5.95 | 0.03,1 | ACC | ACC Ltd. | CEMENT AND CEMENT PRODUCTS | 1881915760 | 14387.72 | 0.48 | 0.74 | 0.34 | 1.26 | 5.95 | 0.03,* Impact Cost for Nifty 50 is the weightage average impact cost |  |  |  |  |  |  |  |  |  |  | 
nifty50_may17.csv,71,2,3,False,12,Sr. No | Security Symbol | Security Name | Industry | Equity Capital (In Rs.) | Free Float Market Capitalisation (Rs. Crores) | Weightage (%) | Beta | R2 | Volatility (%) | Monthly Return | Avg. Impact Cost (%),1 | ACC | ACC Ltd. | CEMENT AND CEMENT PRODUCTS | 1877871730 | 13833.76 | 0.38 | 1.19 | 0.33 | 1.63 | 0.65 | 0.02,1 | ACC | ACC Ltd. | CEMENT AND CEMENT PRODUCTS | 1877871730 | 13833.76 | 0.38 | 1.19 | 0.33 | 1.63 | 0.65 | 0.02,* Impact Cost for Nifty 50 is the weightage average impact cost |  |  |  |  |  |  |  |  |  |  | 
nifty50_may19.csv,70,2,3,False,12,Sr. No | Security Symbol | Security Name | Industry | Equity Capital (In Rs.) | Free Float Market Capitalisation (Rs. Crores) | Weightage (%) | Beta | R2 | Volatility (%) | Monthly Return | Avg. Impact Cost (%),1 | ADANIPORTS | Adani Ports and Special Economic Zone Ltd. | SHIPPING | 4141903522 | 32769.08 | 0.68 | 1.41 | 0.27 | 2.81 | 6.01 | 0.03,1 | ADANIPORTS | Adani Ports and Special Economic Zone Ltd. | SHIPPING | 4141903522 | 32769.08 | 0.68 | 1.41 | 0.27 | 2.81 | 6.01 | 0.03,* Impact Cost for Nifty 50 is the weightage average impact cost |  |  |  |  |  |  |  |  |  |  | 
nifty50_may20.csv,70,2,3,False,12,Sr. No | Security Symbol | Security Name | Industry | Equity Capital (In Rs.) | Free Float Market Capitalisation (Rs. Crores) | Weightage (%) | Beta | R2 | Volatility (%) | Monthly Return | Avg. Impact Cost (%),1 | ADANIPORTS | Adani Ports and Special Economic Zone Ltd. | SHIPPING | 4063503522 | 24999.49 | 0.63 | 0.94 | 0.47 | 3.14 | 11.62 | 0.04,1 | ADANIPORTS | Adani Ports and Special Economic Zone Ltd. | SHIPPING | 4063503522 | 24999.49 | 0.63 | 0.94 | 0.47 | 3.14 | 11.62 | 0.04,* Impact Cost for Nifty 50 is the weightage average impact cost |  |  |  |  |  |  |  |  |  |  | 
nifty50_may21.csv,70,2,3,False,12,Sr. No | Security Symbol | Security Name | Industry | Equity Capital (In Rs.) | Free Float Market Capitalisation (Rs. Crores) | Weightage (%) | Beta | R2 | Volatility (%) | Monthly Return | Avg. Impact Cost (%),1 | ADANIPORTS | Adani Ports and Special Economic Zone Ltd. | PORT | 4063503522 | 56287.24 | 0.84 | 1.07 | 0.26 | 2.07 | 5.41 | 0.03,1 | ADANIPORTS | Adani Ports and Special Economic Zone Ltd. | PORT | 4063503522 | 56287.24 | 0.84 | 1.07 | 0.26 | 2.07 | 5.41 | 0.03,* Impact Cost for Nifty 50 is the weightage average impact cost |  |  |  |  |  |  |  |  |  |  | 
nifty50_may22.csv,70,2,3,False,12,Sr. No | Security Symbol | Security Name | Industry | Equity Capital (In Rs.) | Free Float Market Capitalisation (Rs. Crores) | Weightage (%) | Beta | R2 | Volatility (%) | Monthly Return | Avg. Impact Cost (%),1 | ADANIPORTS | Adani Ports and Special Economic Zone Ltd. | PORT | 4224746460 | 53136.54 | 0.73 | 1.47 | 0.41 | 3.02 | -13.61 | 0.03,1 | ADANIPORTS | Adani Ports and Special Economic Zone Ltd. | PORT | 4224746460 | 53136.54 | 0.73 | 1.47 | 0.41 | 3.02 | -13.61 | 0.03,* Impact Cost for Nifty 50 is the weightage average impact cost |  |  |  |  |  |  |  |  |  |  | 
nifty50_may23.csv,70,2,3,False,12,Sr. No | Security Symbol | Security Name | Industry | Equity Capital (In Rs.) | Free Float Market Capitalisation (Rs. Crores) | Weightage (%) | Beta | R2 | Volatility (%) | Monthly Return | Avg. Impact Cost (%),1 | ADANIENT | Adani Enterprises Ltd. | TRADING - MINERALS/ MINING | 1140001121 | 68218.12 | 0.84 | 2.03 | 0.12 | 5.31 | 29.53 | 0.02,1 | ADANIENT | Adani Enterprises Ltd. | TRADING - MINERALS/ MINING | 1140001121 | 68218.12 | 0.84 | 2.03 | 0.12 | 5.31 | 29.53 | 0.02,* Impact Cost for Nifty 50 is the weightage average impact cost |  |  |  |  |  |  |  |  |  |  | 
nifty50_may24.csv,70,2,3,False,12,Sr. No | Security Symbol | Security Name | Industry | Equity Capital (In Rs.) | Free Float Market Capitalisation (Rs. Crores) | Weightage (%) | Beta | R2 | Volatility (%) | Monthly Return | Avg. Impact Cost (%),1 | ADANIENT | Adani Enterprises Ltd. | TRADING - MINERALS/ MINING | 1140001121 | 89445.68 | 0.90 | 1.71 | 0.22 | 2.95 | 11.68 | 0.02,1 | ADANIENT | Adani Enterprises Ltd. | TRADING - MINERALS/ MINING | 1140001121 | 89445.68 | 0.90 | 1.71 | 0.22 | 2.95 | 11.68 | 0.02,* Impact Cost for Nifty 50 is the weightage average impact cost |  |  |  |  |  |  |  |  |  |  | 
nifty50_may25.csv,70,2,3,False,12,Sr. No | Security Symbol | Security Name | Industry | Equity Capital (In Rs.) | Index Market Capitalisation (Rs. Crores) | Weightage (%) | Beta | R2 | Volatility (%) | Monthly Return | Avg. Impact Cost (%),1 | ADANIENT | Adani Enterprises Ltd. | TRADING - MINERALS/ MINING | 1154180729 | 65455.45 | 0.59 | 1.84 | 0.39 | 2.69 | 9.5 | 0.02,1 | ADANIENT | Adani Enterprises Ltd. | TRADING - MINERALS/ MINING | 1154180729 | 65455.45 | 0.59 | 1.84 | 0.39 | 2.69 | 9.5 | 0.02,* Impact Cost for Nifty 50 is the weightage average impact cost |  |  |  |  |  |  |  |  |  |  | 
nifty50_may26.csv,68,2,3,False,12,Sr. No | Security Symbol | Security Name | Basic Industry | Equity Capital (In Rs.) | Index Market Capitalisation (Rs. Crores) | Weightage (%) | Beta | R2 | Volatility (%) | Monthly Return | Avg. Impact Cost (%),1 | ADANIENT | Adani Enterprises Ltd. | Trading - Minerals | 1291893209 | 83941.51 | 0.78 | 1.71 | 0.42 | 2.81 | 21.96 | 0.02,1 | ADANIENT | Adani Enterprises Ltd. | Trading - Minerals | 1291893209 | 83941.51 | 0.78 | 1.71 | 0.42 | 2.81 | 21.96 | 0.02,*Last day of trading was 29-May-2026 |  |  |  |  |  |  |  |  |  |  | 
nifty50_nov08.csv,82,5,6,False,11,Sr. No | Security Symbol | Industry | Equity | Market Capitalisation for November 2008 | Weightage | Beta | R2 | Volatility | Monthly Return | Avg. Impact Cost November 08, |  |  |  | (Rs. Crores) | % |  |  | % |  | %, |  |  |  | (Rs. Crores) | % |  |  | % |  | %,* Impact Cost for S&P CNX Nifty is the weightage average impact cost |  |  |  |  |  |  | 
nifty50_nov09.csv,78,2,3,False,12,Sr. No | Security Symbol | Security Name | Industry | Equity Capital | Free Float Market Capitalisation for November 2009 | Weightage | Beta | R2 | Volatility | Monthly Return | Avg. Impact Cost November 2009, |  |  |  | (In Rs.) | (Rs. Crores) | % |  |  | % |  | %, |  |  |  | (In Rs.) | (Rs. Crores) | % |  |  | % |  | %,* Impact Cost for S&P CNX Nifty is the weightage average impact cost |  |  |  |  |  |  |  | 
nifty50_nov10.csv,71,2,3,False,12,Sr. No | Security Symbol | Security Name | Industry | Equity Capital | Free Float Market Capitalisation for Nov 2010 | Weightage | Beta | R2 | Volatility | Monthly Return | Avg. Impact Cost Nov. 2010, |  |  |  | (In Rs.) | (Rs. Crores) | % |  |  | % |  | %, |  |  |  | (In Rs.) | (Rs. Crores) | % |  |  | % |  | %,* Impact Cost for S&P CNX Nifty is the weightage average impact cost |  |  |  |  |  |  |  |  |  |  | 
nifty50_nov11.csv,71,2,3,False,13,Sr. No | Security Symbol | Security Name | Industry | Equity Capital | Free Float Market Capitalisation for Nov 2011 | Weightage | Beta | R2 | Volatility | Monthly Return | Avg. Impact Cost Nov. 2011 | , |  |  |  | (In Rs.) | (Rs. Crores) | % |  |  | % |  | % | , |  |  |  | (In Rs.) | (Rs. Crores) | % |  |  | % |  | % | ,* Impact Cost for S&P CNX Nifty is the weightage average impact cost |  |  |  |  |  |  |  |  |  |  |  | 
nifty50_nov12.csv,71,2,3,False,12,Sr. No | Security Symbol | Security Name | Industry | Equity Capital | Free Float Market Capitalisation for November 2012 | Weightage | Beta | R2 | Volatility | Monthly Return | Avg. Impact Cost November 2012, |  |  |  | (In Rs.) | (Rs. Crores) | % |  |  | % |  | %, |  |  |  | (In Rs.) | (Rs. Crores) | % |  |  | % |  | %,* Impact Cost for S&P CNX Nifty is the weightage average impact cost |  |  |  |  |  |  |  |  |  |  | 
nifty50_nov13.csv,71,2,3,False,12,Sr. No | Security Symbol | Security Name | Industry | Equity Capital | Free Float Market Capitalisation for November 2013 | Weightage | Beta | R2 | Volatility | Monthly Return | Avg. Impact Cost November 2013, |  |  |  | (In Rs.) | (Rs. Crores) | % |  |  | % |  | %, |  |  |  | (In Rs.) | (Rs. Crores) | % |  |  | % |  | %,* Impact Cost for CNX Nifty is the weightage average impact cost |  |  |  |  |  |  |  |  |  |  | 
nifty50_nov14.csv,72,2,3,False,12,Sr. No | Security Symbol | Security Name | Industry | Equity Capital | Free Float Market Capitalisation | Weightage | Beta | R2 | Volatility | Monthly Return | Avg. Impact Cost, |  |  |  | (In Rs.) | (Rs. Crores) | % |  |  | % |  | %, |  |  |  | (In Rs.) | (Rs. Crores) | % |  |  | % |  | %,* Impact Cost for CNX Nifty is the weightage average impact cost |  |  |  |  |  |  |  |  |  |  | 
nifty50_nov15.csv,70,2,3,False,12,Sr. No | Security Symbol | Security Name | Industry | Equity Capital (In Rs.) | Free Float Market Capitalisation (Rs. Crores) | Weightage (%) | Beta | R2 | Volatility (%) | Monthly Return | Avg. Impact Cost (%),1 | ACC | ACC Ltd. | CEMENT AND CEMENT PRODUCTS | 1881915760 | 12573.84 | 0.44 | 0.83 | 0.31 | 1.14 | -2.56 | 0.03,1 | ACC | ACC Ltd. | CEMENT AND CEMENT PRODUCTS | 1881915760 | 12573.84 | 0.44 | 0.83 | 0.31 | 1.14 | -2.56 | 0.03,* Impact Cost for Nifty 50 is the weightage average impact cost |  |  |  |  |  |  |  |  |  |  | 
nifty50_nov16.csv,71,2,3,False,12,Sr. No | Security Symbol | Security Name | Industry | Equity Capital (In Rs.) | Free Float Market Capitalisation (Rs. Crores) | Weightage (%) | Beta | R2 | Volatility (%) | Monthly Return | Avg. Impact Cost (%),1 | ACC | ACC Ltd. | CEMENT AND CEMENT PRODUCTS | 1877871730 | 12604.28 | 0.42 | 0.93 | 0.37 | 1.92 | -11.55 | 0.03,1 | ACC | ACC Ltd. | CEMENT AND CEMENT PRODUCTS | 1877871730 | 12604.28 | 0.42 | 0.93 | 0.37 | 1.92 | -11.55 | 0.03,* Impact Cost for Nifty 50 is the weightage average impact cost |  |  |  |  |  |  |  |  |  |  | 
nifty50_nov17.csv,70,2,3,False,12,Sr. No | Security Symbol | Security Name | Industry | Equity Capital (In Rs.) | Free Float Market Capitalisation (Rs. Crores) | Weightage (%) | Beta | R2 | Volatility (%) | Monthly Return | Avg. Impact Cost (%),1 | ADANIPORTS | Adani Ports and Special Economic Zone Ltd. | SHIPPING | 4141903522 | 31321.07 | 0.80 | 1.62 | 0.28 | 1.53 | -7.52 | 0.03,1 | ADANIPORTS | Adani Ports and Special Economic Zone Ltd. | SHIPPING | 4141903522 | 31321.07 | 0.80 | 1.62 | 0.28 | 1.53 | -7.52 | 0.03,* Impact Cost for Nifty 50 is the weightage average impact cost |  |  |  |  |  |  |  |  |  |  | 
nifty50_nov18.csv,70,2,3,False,12,Sr. No | Security Symbol | Security Name | Industry | Equity Capital (In Rs.) | Free Float Market Capitalisation (Rs. Crores) | Weightage (%) | Beta | R2 | Volatility (%) | Monthly Return | Avg. Impact Cost (%),1 | ADANIPORTS | Adani Ports and Special Economic Zone Ltd. | SHIPPING | 4141903522 | 28775.25 | 0.66 | 1.33 | 0.30 | 1.87 | 14.68 | 0.03,1 | ADANIPORTS | Adani Ports and Special Economic Zone Ltd. | SHIPPING | 4141903522 | 28775.25 | 0.66 | 1.33 | 0.30 | 1.87 | 14.68 | 0.03,* Impact Cost for Nifty 50 is the weightage average impact cost |  |  |  |  |  |  |  |  |  |  | 
nifty50_nov19.csv,70,2,3,False,12,Sr. No | Security Symbol | Security Name | Industry | Equity Capital (In Rs.) | Free Float Market Capitalisation (Rs. Crores) | Weightage (%) | Beta | R2 | Volatility (%) | Monthly Return | Avg. Impact Cost (%),1 | ADANIPORTS | Adani Ports and Special Economic Zone Ltd. | SHIPPING | 4141903522 | 30065.87 | 0.60 | 1.27 | 0.28 | 1.33 | -3.47 | 0.03,1 | ADANIPORTS | Adani Ports and Special Economic Zone Ltd. | SHIPPING | 4141903522 | 30065.87 | 0.60 | 1.27 | 0.28 | 1.33 | -3.47 | 0.03,* Impact Cost for Nifty 50 is the weightage average impact cost |  |  |  |  |  |  |  |  |  |  | 
nifty50_nov20.csv,70,2,3,False,12,Sr. No | Security Symbol | Security Name | Industry | Equity Capital (In Rs.) | Free Float Market Capitalisation (Rs. Crores) | Weightage (%) | Beta | R2 | Volatility (%) | Monthly Return | Avg. Impact Cost (%),1 | ADANIPORTS | Adani Ports and Special Economic Zone Ltd. | SHIPPING | 4063503522 | 30102.03 | 0.54 | 0.91 | 0.44 | 1.85 | 14.37 | 0.03,1 | ADANIPORTS | Adani Ports and Special Economic Zone Ltd. | SHIPPING | 4063503522 | 30102.03 | 0.54 | 0.91 | 0.44 | 1.85 | 14.37 | 0.03,* Impact Cost for Nifty 50 is the weightage average impact cost |  |  |  |  |  |  |  |  |  |  | 
nifty50_nov21.csv,70,2,3,False,12,Sr. No | Security Symbol | Security Name | Industry | Equity Capital (In Rs.) | Free Float Market Capitalisation (Rs. Crores) | Weightage (%) | Beta | R2 | Volatility (%) | Monthly Return | Avg. Impact Cost (%),1 | ADANIPORTS | Adani Ports and Special Economic Zone Ltd. | PORT | 4083503522 | 50265.07 | 0.68 | 1.33 | 0.24 | 2.16 | -1.32 | 0.03,1 | ADANIPORTS | Adani Ports and Special Economic Zone Ltd. | PORT | 4083503522 | 50265.07 | 0.68 | 1.33 | 0.24 | 2.16 | -1.32 | 0.03,* Impact Cost for Nifty 50 is the weightage average impact cost |  |  |  |  |  |  |  |  |  |  | 
nifty50_nov22.csv,70,2,3,False,12,Sr. No | Security Symbol | Security Name | Industry | Equity Capital (In Rs.) | Free Float Market Capitalisation (Rs. Crores) | Weightage (%) | Beta | R2 | Volatility (%) | Monthly Return | Avg. Impact Cost (%),1 | ADANIENT | Adani Enterprises Ltd. | TRADING - MINERALS/ MINING | 1140001121 | 107193.85 | 1.29 | 1.37 | 0.43 | 2.33 | 17.04 | 0.02,1 | ADANIENT | Adani Enterprises Ltd. | TRADING - MINERALS/ MINING | 1140001121 | 107193.85 | 1.29 | 1.37 | 0.43 | 2.33 | 17.04 | 0.02,* Impact Cost for Nifty 50 is the weightage average impact cost |  |  |  |  |  |  |  |  |  |  | 
nifty50_nov23.csv,70,2,3,False,12,Sr. No | Security Symbol | Security Name | Industry | Equity Capital (In Rs.) | Free Float Market Capitalisation (Rs. Crores) | Weightage (%) | Beta | R2 | Volatility (%) | Monthly Return | Avg. Impact Cost (%),1 | ADANIENT | Adani Enterprises Ltd. | TRADING - MINERALS/ MINING | 1140001121 | 77973.74 | 0.88 | 2.73 | 0.13 | 2.39 | 2.78 | 0.02,1 | ADANIENT | Adani Enterprises Ltd. | TRADING - MINERALS/ MINING | 1140001121 | 77973.74 | 0.88 | 2.73 | 0.13 | 2.39 | 2.78 | 0.02,* Impact Cost for Nifty 50 is the weightage average impact cost |  |  |  |  |  |  |  |  |  |  | 
nifty50_nov24.csv,70,2,3,False,12,Sr. No | Security Symbol | Security Name | Industry | Equity Capital (In Rs.) | Index Market Capitalisation (Rs. Crores) | Weightage (%) | Beta | R2 | Volatility (%) | Monthly Return | Avg. Impact Cost (%),1 | ADANIENT | Adani Enterprises Ltd. | TRADING - MINERALS/ MINING | 1140001121 | 57885.94899 | 0.53525792 | 2.07021382 | 0.36325155 | 6.08173314 | -16.42548138 | 0.02,1 | ADANIENT | Adani Enterprises Ltd. | TRADING - MINERALS/ MINING | 1140001121 | 57885.94899 | 0.53525792 | 2.07021382 | 0.36325155 | 6.08173314 | -16.42548138 | 0.02,* Impact Cost for Nifty 50 is the weightage average impact cost |  |  |  |  |  |  |  |  |  |  | 
nifty50_nov25.csv,68,2,3,False,12,Sr. No | Security Symbol | Security Name | Basic Industry | Equity Capital (In Rs.) | Index Market Capitalisation (Rs. Crores) | Weightage (%) | Beta | R2 | Volatility (%) | Monthly Return | Avg. Impact Cost (%),1 | ADANIENT | Adani Enterprises Ltd. | Trading - Minerals | 1154180729 | 59229.1399069200 | 0.4971895200 | 1.5308108700 | 0.3394559400 | 1.9933824100 | -8.0935106800 | 0.02,1 | ADANIENT | Adani Enterprises Ltd. | Trading - Minerals | 1154180729 | 59229.1399069200 | 0.4971895200 | 1.5308108700 | 0.3394559400 | 1.9933824100 | -8.0935106800 | 0.02,*Last day of trading was 28-Nov-2025 |  |  |  |  |  |  |  |  |  |  | 
nifty50_oct08.csv,82,5,6,False,11,Sr. No | Security Symbol | Industry | Equity | Market Capitalisation for October 2008 | Weightage | Beta | R2 | Volatility | Monthly Return | Avg. Impact Cost October 08, |  |  |  | (Rs. Crores) | % |  |  | % |  | %, |  |  |  | (Rs. Crores) | % |  |  | % |  | %,* Impact Cost for S&P CNX Nifty is the weightage average impact cost |  |  |  |  |  |  | 
nifty50_oct09.csv,78,2,3,False,12,Sr. No | Security Symbol | Security Name | Industry | Equity Capital | Free Float Market Capitalisation for October 2009 | Weightage | Beta | R2 | Volatility | Monthly Return | Avg. Impact Cost October 2009, |  |  |  | (In Rs.) | (Rs. Crores) | % |  |  | % |  | %, |  |  |  | (In Rs.) | (Rs. Crores) | % |  |  | % |  | %,* Impact Cost for S&P CNX Nifty is the weightage average impact cost |  |  |  |  |  |  |  | 
nifty50_oct10.csv,71,2,3,False,12,Sr. No | Security Symbol | Security Name | Industry | Equity Capital | Free Float Market Capitalisation for Oct 2010 | Weightage | Beta | R2 | Volatility | Monthly Return | Avg. Impact Cost Oct. 2010, |  |  |  | (In Rs.) | (Rs. Crores) | % |  |  | % |  | %, |  |  |  | (In Rs.) | (Rs. Crores) | % |  |  | % |  | %,* Impact Cost for S&P CNX Nifty is the weightage average impact cost |  |  |  |  |  |  |  |  |  |  | 
nifty50_oct11.csv,71,2,3,False,13,Sr. No | Security Symbol | Security Name | Industry | Equity Capital | Free Float Market Capitalisation for Oct  2011 | Weightage | Beta | R2 | Volatility | Monthly Return | Avg. Impact Cost Oct. 2011 | , |  |  |  | (In Rs.) | (Rs. Crores) | % |  |  | % |  | % | , |  |  |  | (In Rs.) | (Rs. Crores) | % |  |  | % |  | % | ,* Impact Cost for S&P CNX Nifty is the weightage average impact cost |  |  |  |  |  |  |  |  |  |  |  | 
nifty50_oct12.csv,71,2,3,False,12,Sr. No | Security Symbol | Security Name | Industry | Equity Capital | Free Float Market Capitalisation for October 2012 | Weightage | Beta | R2 | Volatility | Monthly Return | Avg. Impact Cost October 2012, |  |  |  | (In Rs.) | (Rs. Crores) | % |  |  | % |  | %, |  |  |  | (In Rs.) | (Rs. Crores) | % |  |  | % |  | %,* Impact Cost for S&P CNX Nifty is the weightage average impact cost |  |  |  |  |  |  |  |  |  |  | 
nifty50_oct13.csv,71,2,3,False,12,Sr. No | Security Symbol | Security Name | Industry | Equity Capital | Free Float Market Capitalisation for October 2013 | Weightage | Beta | R2 | Volatility | Monthly Return | Avg. Impact Cost October 2013, |  |  |  | (In Rs.) | (Rs. Crores) | % |  |  | % |  | %, |  |  |  | (In Rs.) | (Rs. Crores) | % |  |  | % |  | %,* Impact Cost for CNX Nifty is the weightage average impact cost |  |  |  |  |  |  |  |  |  |  | 
nifty50_oct14.csv,72,2,3,False,12,Sr. No | Security Symbol | Security Name | Industry | Equity Capital | Free Float Market Capitalisation | Weightage | Beta | R2 | Volatility | Monthly Return | Avg. Impact Cost, |  |  |  | (In Rs.) | (Rs. Crores) | % |  |  | % |  | %, |  |  |  | (In Rs.) | (Rs. Crores) | % |  |  | % |  | %,* Impact Cost for CNX Nifty is the weightage average impact cost |  |  |  |  |  |  |  |  |  |  | 
nifty50_oct15.csv,70,2,3,False,12,Sr. No | Security Symbol | Security Name | Industry | Equity Capital (In Rs.) | Free Float Market Capitalisation (Rs. Crores) | Weightage (%) | Beta | R2 | Volatility (%) | Monthly Return | Avg. Impact Cost (%),1 | ACC | ACC Ltd. | CEMENT AND CEMENT PRODUCTS | 1881915760 | 12904.5 | 0.45 | 0.84 | 0.31 | 0.93 | 2.44 | 0.03,1 | ACC | ACC Ltd. | CEMENT AND CEMENT PRODUCTS | 1881915760 | 12904.5 | 0.45 | 0.84 | 0.31 | 0.93 | 2.44 | 0.03,* Impact Cost for CNX Nifty is the weightage average impact cost |  |  |  |  |  |  |  |  |  |  | 
nifty50_oct16.csv,71,2,3,False,12,Sr. No | Security Symbol | Security Name | Industry | Equity Capital (In Rs.) | Free Float Market Capitalisation (Rs. Crores) | Weightage (%) | Beta | R2 | Volatility (%) | Monthly Return | Avg. Impact Cost (%),1 | ACC | ACC Ltd. | CEMENT AND CEMENT PRODUCTS | 1877871730 | 14250.70 | 0.45 | 0.88 | 0.34 | 1.27 | -5.13 | 0.02,1 | ACC | ACC Ltd. | CEMENT AND CEMENT PRODUCTS | 1877871730 | 14250.70 | 0.45 | 0.88 | 0.34 | 1.27 | -5.13 | 0.02,* Impact Cost for Nifty 50 is the weightage average impact cost |  |  |  |  |  |  |  |  |  |  | 
nifty50_oct17.csv,70,2,3,False,12,Sr. No | Security Symbol | Security Name | Industry | Equity Capital (In Rs.) | Free Float Market Capitalisation (Rs. Crores) | Weightage (%) | Beta | R2 | Volatility (%) | Monthly Return | Avg. Impact Cost (%),1 | ADANIPORTS | Adani Ports and Special Economic Zone Ltd. | SHIPPING | 4141903522 | 33866.90 | 0.85 | 1.72 | 0.36 | 1.21 | 14.23 | 0.02,1 | ADANIPORTS | Adani Ports and Special Economic Zone Ltd. | SHIPPING | 4141903522 | 33866.90 | 0.85 | 1.72 | 0.36 | 1.21 | 14.23 | 0.02,* Impact Cost for Nifty 50 is the weightage average impact cost |  |  |  |  |  |  |  |  |  |  | 
nifty50_oct18.csv,70,2,3,False,12,Sr. No | Security Symbol | Security Name | Industry | Equity Capital (In Rs.) | Free Float Market Capitalisation (Rs. Crores) | Weightage (%) | Beta | R2 | Volatility (%) | Monthly Return | Avg. Impact Cost (%),1 | ADANIPORTS | Adani Ports and Special Economic Zone Ltd. | SHIPPING | 4141903522 | 25092.27 | 0.61 | 1.32 | 0.30 | 3.17 | -3.06 | 0.04,1 | ADANIPORTS | Adani Ports and Special Economic Zone Ltd. | SHIPPING | 4141903522 | 25092.27 | 0.61 | 1.32 | 0.30 | 3.17 | -3.06 | 0.04,* Impact Cost for Nifty 50 is the weightage average impact cost |  |  |  |  |  |  |  |  |  |  | 
nifty50_oct19.csv,70,2,3,False,12,Sr. No | Security Symbol | Security Name | Industry | Equity Capital (In Rs.) | Free Float Market Capitalisation (Rs. Crores) | Weightage (%) | Beta | R2 | Volatility (%) | Monthly Return | Avg. Impact Cost (%),1 | ADANIPORTS | Adani Ports and Special Economic Zone Ltd. | SHIPPING | 4141903522 | 31147.94 | 0.64 | 1.27 | 0.28 | 1.81 | -4.38 | 0.03,1 | ADANIPORTS | Adani Ports and Special Economic Zone Ltd. | SHIPPING | 4141903522 | 31147.94 | 0.64 | 1.27 | 0.28 | 1.81 | -4.38 | 0.03,* Impact Cost for Nifty 50 is the weightage average impact cost |  |  |  |  |  |  |  |  |  |  | 
nifty50_oct20.csv,70,2,3,False,12,Sr. No | Security Symbol | Security Name | Industry | Equity Capital (In Rs.) | Free Float Market Capitalisation (Rs. Crores) | Weightage (%) | Beta | R2 | Volatility (%) | Monthly Return | Avg. Impact Cost (%),1 | ADANIPORTS | Adani Ports and Special Economic Zone Ltd. | SHIPPING | 4063503522 | 26320.53 | 0.52 | 0.92 | 0.44 | 2.04 | 5.30 | 0.04,1 | ADANIPORTS | Adani Ports and Special Economic Zone Ltd. | SHIPPING | 4063503522 | 26320.53 | 0.52 | 0.92 | 0.44 | 2.04 | 5.30 | 0.04,* Impact Cost for Nifty 50 is the weightage average impact cost |  |  |  |  |  |  |  |  |  |  | 
nifty50_oct21.csv,70,2,3,False,12,Sr. No | Security Symbol | Security Name | Industry | Equity Capital (In Rs.) | Free Float Market Capitalisation (Rs. Crores) | Weightage (%) | Beta | R2 | Volatility (%) | Monthly Return | Avg. Impact Cost (%),1 | ADANIPORTS | Adani Ports and Special Economic Zone Ltd. | PORT | 4083503522 | 50937.62 | 0.66 | 1.27 | 0.22 | 2.71 | -6.08 | 0.03,1 | ADANIPORTS | Adani Ports and Special Economic Zone Ltd. | PORT | 4083503522 | 50937.62 | 0.66 | 1.27 | 0.22 | 2.71 | -6.08 | 0.03,* Impact Cost for Nifty 50 is the weightage average impact cost |  |  |  |  |  |  |  |  |  |  | 
nifty50_oct22.csv,70,2,3,False,12,Sr. No | Security Symbol | Security Name | Industry | Equity Capital (In Rs.) | Free Float Market Capitalisation (Rs. Crores) | Weightage (%) | Beta | R2 | Volatility (%) | Monthly Return | Avg. Impact Cost (%),1 | ADANIENT | Adani Enterprises Ltd. | TRADING - MINERALS/ MINING | 1140001121 | 91586.32 | 1.15 | 1.38 | 0.46 | 2.31 | -3.13 | 0.02,1 | ADANIENT | Adani Enterprises Ltd. | TRADING - MINERALS/ MINING | 1140001121 | 91586.32 | 1.15 | 1.38 | 0.46 | 2.31 | -3.13 | 0.02,* Impact Cost for Nifty 50 is the weightage average impact cost |  |  |  |  |  |  |  |  |  |  | 
nifty50_oct23.csv,70,2,3,False,12,Sr. No | Security Symbol | Security Name | Industry | Equity Capital (In Rs.) | Free Float Market Capitalisation (Rs. Crores) | Weightage (%) | Beta | R2 | Volatility (%) | Monthly Return | Avg. Impact Cost (%),1 | ADANIENT | Adani Enterprises Ltd. | TRADING - MINERALS/ MINING | 1140001121 | 75861.20 | 0.91 | 2.68 | 0.13 | 1.70 | -4.94 | 0.02,1 | ADANIENT | Adani Enterprises Ltd. | TRADING - MINERALS/ MINING | 1140001121 | 75861.20 | 0.91 | 2.68 | 0.13 | 1.70 | -4.94 | 0.02,* Impact Cost for Nifty 50 is the weightage average impact cost |  |  |  |  |  |  |  |  |  |  | 
nifty50_oct24.csv,70,2,3,False,12,Sr. No | Security Symbol | Security Name | Industry | Equity Capital (In Rs.) | Index Market Capitalisation (Rs. Crores) | Weightage (%) | Beta | R2 | Volatility (%) | Monthly Return | Avg. Impact Cost (%),1 | ADANIENT | Adani Enterprises Ltd. | TRADING - MINERALS/ MINING | 1140001121 | 69262.68 | 0.64 | 2.04 | 0.44 | 2.40 | -6.01 | 0.02,1 | ADANIENT | Adani Enterprises Ltd. | TRADING - MINERALS/ MINING | 1140001121 | 69262.68 | 0.64 | 2.04 | 0.44 | 2.40 | -6.01 | 0.02,* Impact Cost for Nifty 50 is the weightage average impact cost |  |  |  |  |  |  |  |  |  |  | 
nifty50_oct25.csv,69,2,3,False,12,Sr. No | Security Symbol | Security Name | Basic Industry | Equity Capital (In Rs.) | Index Market Capitalisation (Rs. Crores) | Weightage (%) | Beta | R2 | Volatility (%) | Monthly Return | Avg. Impact Cost (%),1 | ADANIENT | Adani Enterprises Ltd. | Trading - Minerals | 1154180729 | 64445.00312 | 0.54770027 | 1.59996026 | 0.2497608 | 1.13031082 | -0.99365497 | 0.02,1 | ADANIENT | Adani Enterprises Ltd. | Trading - Minerals | 1154180729 | 64445.00312 | 0.54770027 | 1.59996026 | 0.2497608 | 1.13031082 | -0.99365497 | 0.02,*Last day of trading was 31-Oct-2025 |  |  |  |  |  |  |  |  |  |  | 
nifty50_sep08.csv,82,5,6,False,11,Sr. No | Security Symbol | Industry | Equity | Market Capitalisation for September 2008 | Weightage | Beta | R2 | Volatility | Monthly Return | Avg. Impact Cost September 08, |  |  |  | (Rs. Crores) | % |  |  | % |  | %, |  |  |  | (Rs. Crores) | % |  |  | % |  | %,* Impact Cost for S&P CNX Nifty is the weightage average impact cost |  |  |  |  |  |  | 
nifty50_sep09.csv,79,2,3,False,12,Sr. No | Security Symbol | Security Name | Industry | Equity Capital | Free Float Market Capitalisation for September 2009 | Weightage | Beta | R2 | Volatility | Monthly Return | Avg. Impact Cost September 2009, |  |  |  | (In Rs.) | (Rs. Crores) | % |  |  | % |  | %, |  |  |  | (In Rs.) | (Rs. Crores) | % |  |  | % |  | %,* Impact Cost for S&P CNX Nifty is the weightage average impact cost |  |  |  |  |  |  |  | 
nifty50_sep10.csv,53,0,1,False,12,Sr. No | Security Symbol | Security Name | Industry | Equity Capital | Free Float Market Capitalisation for Aug. 2010 | Weightage | Beta | R2 | Volatility | Monthly Return | Avg. Impact Cost Sep. 2010, |  |  |  | (In Rs.) | (Rs. Crores) | % |  |  | % |  | %, |  |  |  | (In Rs.) | (Rs. Crores) | % |  |  | % |  | %, |  |  |  | Total | 1753457 |  |  |  |  |  | 
nifty50_sep11.csv,71,2,3,False,13,Sr. No | Security Symbol | Security Name | Industry | Equity Capital | Free Float Market Capitalisation for September. 2011 | Weightage | Beta | R2 | Volatility | Monthly Return | Avg. Impact Cost September. 2011 | , |  |  |  | (In Rs.) | (Rs. Crores) | % |  |  | % |  | % | , |  |  |  | (In Rs.) | (Rs. Crores) | % |  |  | % |  | % | ,* Impact Cost for S&P CNX Nifty is the weightage average impact cost |  |  |  |  |  |  |  |  |  |  |  | 
nifty50_sep12.csv,71,2,3,False,12,Sr. No | Security Symbol | Security Name | Industry | Equity Capital | Free Float Market Capitalisation for September 2012 | Weightage | Beta | R2 | Volatility | Monthly Return | Avg. Impact Cost September 2012, |  |  |  | (In Rs.) | (Rs. Crores) | % |  |  | % |  | %, |  |  |  | (In Rs.) | (Rs. Crores) | % |  |  | % |  | %,* Impact Cost for S&P CNX Nifty is the weightage average impact cost |  |  |  |  |  |  |  |  |  |  | 
nifty50_sep13.csv,71,2,3,False,12,Sr. No | Security Symbol | Security Name | Industry | Equity Capital | Free Float Market Capitalisation for September 2013 | Weightage | Beta | R2 | Volatility | Monthly Return | Avg. Impact Cost September 2013, |  |  |  | (In Rs.) | (Rs. Crores) | % |  |  | % |  | %, |  |  |  | (In Rs.) | (Rs. Crores) | % |  |  | % |  | %,* Impact Cost for CNX Nifty is the weightage average impact cost |  |  |  |  |  |  |  |  |  |  | 
nifty50_sep14.csv,72,2,3,False,12,Sr. No | Security Symbol | Security Name | Industry | Equity Capital | Free Float Market Capitalisation | Weightage | Beta | R2 | Volatility | Monthly Return | Avg. Impact Cost, |  |  |  | (In Rs.) | (Rs. Crores) | % |  |  | % |  | %, |  |  |  | (In Rs.) | (Rs. Crores) | % |  |  | % |  | %,* Impact Cost for CNX Nifty is the weightage average impact cost |  |  |  |  |  |  |  |  |  |  | 
nifty50_sep15.csv,70,2,3,False,12,Sr. No | Security Symbol | Security Name | Industry | Equity Capital (In Rs.) | Free Float Market Capitalisation (Rs. Crores) | Weightage (%) | Beta | R2 | Volatility (%) | Monthly Return | Avg. Impact Cost (%),1 | ACC | ACC Ltd. | CEMENT AND CEMENT PRODUCTS | 1881915760 | 12597.23 | 0.44 | 0.88 | 0.34 | 1.45 | 0.89 | 0.04,1 | ACC | ACC Ltd. | CEMENT AND CEMENT PRODUCTS | 1881915760 | 12597.23 | 0.44 | 0.88 | 0.34 | 1.45 | 0.89 | 0.04,* Impact Cost for CNX Nifty is the weightage average impact cost |  |  |  |  |  |  |  |  |  |  | 
nifty50_sep16.csv,71,2,3,False,12,Sr. No | Security Symbol | Security Name | Industry | Equity Capital (In Rs.) | Free Float Market Capitalisation (Rs. Crores) | Weightage (%) | Beta | R2 | Volatility (%) | Monthly Return | Avg. Impact Cost (%),1 | ACC | ACC Ltd. | CEMENT AND CEMENT PRODUCTS | 1877871730 | 15021.57 | 0.47 | 0.84 | 0.32 | 1.68 | -6.43 | 0.03,1 | ACC | ACC Ltd. | CEMENT AND CEMENT PRODUCTS | 1877871730 | 15021.57 | 0.47 | 0.84 | 0.32 | 1.68 | -6.43 | 0.03,* Impact Cost for Nifty 50 is the weightage average impact cost |  |  |  |  |  |  |  |  |  |  | 
nifty50_sep17.csv,70,2,3,False,12,Sr. No | Security Symbol | Security Name | Industry | Equity Capital (In Rs.) | Free Float Market Capitalisation (Rs. Crores) | Weightage (%) | Beta | R2 | Volatility (%) | Monthly Return | Avg. Impact Cost (%),1 | ADANIPORTS | Adani Ports and Special Economic Zone Ltd. | SHIPPING | 4141903522 | 29648.78 | 0.79 | 1.83 | 0.36 | 1.71 | -4.12 | 0.02,1 | ADANIPORTS | Adani Ports and Special Economic Zone Ltd. | SHIPPING | 4141903522 | 29648.78 | 0.79 | 1.83 | 0.36 | 1.71 | -4.12 | 0.02,* Impact Cost for Nifty 50 is the weightage average impact cost |  |  |  |  |  |  |  |  |  |  | 
nifty50_sep18.csv,70,2,3,False,12,Sr. No | Security Symbol | Security Name | Industry | Equity Capital (In Rs.) | Free Float Market Capitalisation (Rs. Crores) | Weightage (%) | Beta | R2 | Volatility (%) | Monthly Return | Avg. Impact Cost (%),1 | ADANIPORTS | Adani Ports and Special Economic Zone Ltd. | SHIPPING | 4141903522 | 25883.17 | 0.59 | 1.27 | 0.25 | 1.85 | -14.15894558 | 0.05,1 | ADANIPORTS | Adani Ports and Special Economic Zone Ltd. | SHIPPING | 4141903522 | 25883.17 | 0.59 | 1.27 | 0.25 | 1.85 | -14.15894558 | 0.05,* Impact Cost for Nifty 50 is the weightage average impact cost |  |  |  |  |  |  |  |  |  |  | 
nifty50_sep19.csv,70,2,3,False,12,Sr. No | Security Symbol | Security Name | Industry | Equity Capital (In Rs.) | Free Float Market Capitalisation (Rs. Crores) | Weightage (%) | Beta | R2 | Volatility (%) | Monthly Return | Avg. Impact Cost (%),1 | ADANIPORTS | Adani Ports and Special Economic Zone Ltd. | SHIPPING | 4141903522 | 32576.28 | 0.69 | 1.33 | 0.32 | 2.26 | 13.19 | 0.03,1 | ADANIPORTS | Adani Ports and Special Economic Zone Ltd. | SHIPPING | 4141903522 | 32576.28 | 0.69 | 1.33 | 0.32 | 2.26 | 13.19 | 0.03,* Impact Cost for Nifty 50 is the weightage average impact cost |  |  |  |  |  |  |  |  |  |  | 
nifty50_sep20.csv,70,2,3,False,12,Sr. No | Security Symbol | Security Name | Industry | Equity Capital (In Rs.) | Free Float Market Capitalisation (Rs. Crores) | Weightage (%) | Beta | R2 | Volatility (%) | Monthly Return | Avg. Impact Cost (%),1 | ADANIPORTS | Adani Ports and Special Economic Zone Ltd. | SHIPPING | 4063503522 | 24996.64 | 0.52 | 0.91 | 0.44 | 2.46 | -3.94 | 0.04,1 | ADANIPORTS | Adani Ports and Special Economic Zone Ltd. | SHIPPING | 4063503522 | 24996.64 | 0.52 | 0.91 | 0.44 | 2.46 | -3.94 | 0.04,* Impact Cost for Nifty 50 is the weightage average impact cost |  |  |  |  |  |  |  |  |  |  | 
nifty50_sep21.csv,70,2,3,False,12,Sr. No | Security Symbol | Security Name | Industry | Equity Capital (In Rs.) | Free Float Market Capitalisation (Rs. Crores) | Weightage (%) | Beta | R2 | Volatility (%) | Monthly Return | Avg. Impact Cost (%),1 | ADANIPORTS | Adani Ports and Special Economic Zone Ltd. | PORT | 4083503522 | 54237.91 | 0.71 | 1.18 | 0.20 | 0.97 | -1.39 | 0.02,1 | ADANIPORTS | Adani Ports and Special Economic Zone Ltd. | PORT | 4083503522 | 54237.91 | 0.71 | 1.18 | 0.20 | 0.97 | -1.39 | 0.02,* Impact Cost for Nifty 50 is the weightage average impact cost |  |  |  |  |  |  |  |  |  |  | 
nifty50_sep22.csv,70,2,3,False,12,Sr. No | Security Symbol | Security Name | Industry | Equity Capital (In Rs.) | Free Float Market Capitalisation (Rs. Crores) | Weightage (%) | Beta | R2 | Volatility (%) | Monthly Return | Avg. Impact Cost (%),1 | ADANIENT | Adani Enterprises Ltd. | TRADING - MINERALS/ MINING | 1140001121 | 94549.41 | 1.25 | 1.45 | 0.47 | 2.17 | 8.18 | 0.02,1 | ADANIENT | Adani Enterprises Ltd. | TRADING - MINERALS/ MINING | 1140001121 | 94549.41 | 1.25 | 1.45 | 0.47 | 2.17 | 8.18 | 0.02,* Impact Cost for Nifty 50 is the weightage average impact cost |  |  |  |  |  |  |  |  |  |  | 
nifty50_sep23.csv,70,2,3,False,12,Sr. No | Security Symbol | Security Name | Industry | Equity Capital (In Rs.) | Free Float Market Capitalisation (Rs. Crores) | Weightage (%) | Beta | R2 | Volatility (%) | Monthly Return | Avg. Impact Cost (%),1 | ADANIENT | Adani Enterprises Ltd. | TRADING - MINERALS/ MINING | 1140001121 | 79803.61 | 0.93 | 2.55 | 0.12 | 1.44 | -0.22 | 0.02,1 | ADANIENT | Adani Enterprises Ltd. | TRADING - MINERALS/ MINING | 1140001121 | 79803.61 | 0.93 | 2.55 | 0.12 | 1.44 | -0.22 | 0.02,* Impact Cost for Nifty 50 is the weightage average impact cost |  |  |  |  |  |  |  |  |  |  | 
nifty50_sep24.csv,70,2,3,False,12,Sr. No | Security Symbol | Security Name | Industry | Equity Capital (In Rs.) | Index Market Capitalisation (Rs. Crores) | Weightage (%) | Beta | R2 | Volatility (%) | Monthly Return | Avg. Impact Cost (%),1 | ADANIENT | Adani Enterprises Ltd. | TRADING - MINERALS/ MINING | 1140001121 | 73694.92444090 | 0.63674007 | 2.04 | 0.45 | 0.98 | 3.86 | 0.02,1 | ADANIENT | Adani Enterprises Ltd. | TRADING - MINERALS/ MINING | 1140001121 | 73694.92444090 | 0.63674007 | 2.04 | 0.45 | 0.98 | 3.86 | 0.02,* Impact Cost for Nifty 50 is the weightage average impact cost |  |  |  |  |  |  |  |  |  |  | 
nifty50_sep25.csv,68,2,3,False,12,Sr. No | Security Symbol | Security Name | Industry | Equity Capital (In Rs.) | Index Market Capitalisation (Rs. Crores) | Weightage (%) | Beta | R2 | Volatility (%) | Monthly Return | Avg. Impact Cost (%),1 | ADANIENT | Adani Enterprises Ltd. | TRADING - MINERALS/ MINING | 1154180729 | 65091.79 | 0.58 | 1.64 | 0.26 | 1.72 | 11.64 | 0.02,1 | ADANIENT | Adani Enterprises Ltd. | TRADING - MINERALS/ MINING | 1154180729 | 65091.79 | 0.58 | 1.64 | 0.26 | 1.72 | 11.64 | 0.02,*Last day of trading was 30-Sep-2025 |  |  |  |  |  |  |  |  |  |  | 
